<?xml version="1.0" encoding="utf-8"?>
<TOC>
	<ITEM ID="FILE" NAME="AR000.exe" DIR="" OS="1" HASH="" HASHVALUE="0C6C5483F52B5518F01CB27ED000C72C" SIZE="5917968" MODIFIED="2018-01-29 13:12:36"/>
	<ITEM ID="FILE" NAME="AR000Debug.exe" DIR="" OS="1" HASH="" HASHVALUE="821BD388DD997B03C3D14863F9487998" SIZE="62224" MODIFIED="2018-01-29 13:12:36"/>
	<ITEM ID="FILE" NAME="ar000loader.exe" DIR="" OS="1" HASH="" HASHVALUE="F5309052F672F48133079C80346B2519" SIZE="3446032" MODIFIED="2018-01-29 13:12:36"/>
	<ITEM ID="FILE" NAME="ar000stop.exe" DIR="" OS="1" HASH="" HASHVALUE="50A3ABD69FC66397084B916F140B4FC2" SIZE="16656" MODIFIED="2018-01-29 13:12:36"/>
	<ITEM ID="FILE" NAME="arUpd.bat" DIR="" OS="1" HASH="" HASHVALUE="0503FA0EA6E89C381DB4F0A593073062" SIZE="1124" MODIFIED="2018-01-29 13:12:36"/>
	<ITEM ID="FILE" NAME="InaFrm.dll" DIR="" OS="1" HASH="" HASHVALUE="3DEEAB31E0CF16086A7F6BFCB99C22BF" SIZE="73728" MODIFIED="2018-01-29 13:12:36"/>
	<ITEM ID="FILE" NAME="Packet.dll" DIR="" OS="1" HASH="" HASHVALUE="8311123D9587273202671A5B8634C9F3" SIZE="90112" MODIFIED="2018-01-29 13:12:36"/>
	<ITEM ID="FILE" NAME="PviLog.dll" DIR="" OS="1" HASH="" HASHVALUE="E5ED364ACA28CB656437ADA36FAC0F5B" SIZE="106543" MODIFIED="2018-01-29 13:12:36"/>
	<ITEM ID="FILE" NAME="wpcap.dll" DIR="" OS="1" HASH="" HASHVALUE="A356ACA4C981AADE2173331BCDB3587A" SIZE="274432" MODIFIED="2018-01-29 13:12:36"/>
	<ITEM ID="FILE" NAME="fscfg.xml" DIR="System/TOC" OS="1" HASH="" HASHVALUE="D170C6DA32DCE485C188D306314D91FE" SIZE="5871" MODIFIED="2018-01-29 13:12:36"/>
</TOC>