{"name":"widgets.brease.BarChart","type":"widget","meta":{"superClass":"widgets.brease.DataHandlerWidget","requires":[],"mixins":[],"parents":["*"],"children":["widgets.brease.BarChartItem","widgets.brease.BarChartThreshold"],"inheritance":["widgets.brease.BarChart","widgets.brease.DataHandlerWidget","brease.core.BaseWidget"],"isContainer":"true","filePath":"widgets/brease/BarChart/BarChart.js"},"methods":[{"name":"setBarPadding","originalName":"setBarPadding","description":"<p>Sets barPadding</p>\n","iatStudioExposed":false,"parameter":[{"name":"barPadding","type":"Integer","index":0,"description":"\n","optional":false}]},{"name":"setChartMargin","originalName":"setChartMargin","description":"<p>Sets chartMargin</p>\n","iatStudioExposed":false,"parameter":[{"name":"chartMargin","type":"PixelValCollection","index":0,"description":"\n","optional":false}]},{"name":"SetEnable","originalName":"setEnable","description":"<p>setter for binding of 'enable'</p>\n","iatStudioExposed":true,"parameter":[{"name":"value","type":"Boolean","index":0,"description":"<p>State of 'enable' (false = disabled, true = enabled)</p>\n\n\n\n","optional":false}]},{"name":"setFormat","originalName":"setFormat","description":"<p>Sets format</p>\n","iatStudioExposed":false,"parameter":[{"name":"format","type":"brease.config.MeasurementSystemFormat","index":0,"description":"\n","optional":false}]},{"name":"setOrientation","originalName":"setOrientation","description":"<p>Sets orientation</p>\n","iatStudioExposed":false,"parameter":[{"name":"orientation","type":"brease.enum.Orientation","index":0,"description":"\n","optional":false}]},{"name":"setShowUnit","originalName":"setShowUnit","description":"<p>Sets showUnit</p>\n","iatStudioExposed":false,"parameter":[{"name":"showUnit","type":"Boolean","index":0,"description":"\n","optional":false}]},{"name":"setShowValue","originalName":"setShowValue","description":"<p>Sets showValue</p>\n","iatStudioExposed":false,"parameter":[{"name":"showValue","type":"Boolean","index":0,"description":"\n","optional":false}]},{"name":"SetStyle","originalName":"setStyle","description":"\n","iatStudioExposed":true,"parameter":[{"name":"value","type":"StyleReference","index":0,"description":"\n","optional":false}]},{"name":"setTransitionTime","originalName":"setTransitionTime","description":"<p>Sets transitionTime</p>\n","iatStudioExposed":false,"parameter":[{"name":"transitionTime","type":"UInteger","index":0,"description":"\n","optional":false}]},{"name":"SetUnit","originalName":"setUnit","description":"<p>Sets unit</p>\n","iatStudioExposed":true,"parameter":[{"name":"unit","type":"brease.config.MeasurementSystemUnit","index":0,"description":"\n","optional":false}]},{"name":"SetVisible","originalName":"setVisible","description":"<p>Sets the visibility of the widget.</p>\n","iatStudioExposed":true,"parameter":[{"name":"value","type":"Boolean","index":0,"description":"<p>State of visibility (false = hide, true = show)</p>\n\n\n\n","optional":false}]},{"name":"setXAxisHeight","originalName":"setXAxisHeight","description":"<p>Sets xAxisHeight</p>\n","iatStudioExposed":false,"parameter":[{"name":"xAxisHeight","type":"Integer","index":0,"description":"\n","optional":false}]},{"name":"setYAxisWidth","originalName":"setYAxisWidth","description":"<p>Sets yAxisWidth</p>\n","iatStudioExposed":false,"parameter":[{"name":"yAxisWidth","type":"Integer","index":0,"description":"\n","optional":false}]}],"events":[{"name":"Click","description":"<p>Fired when element is clicked on.</p>\n","parameter":[{"name":"origin","type":"String","index":0,"description":"<p>id of widget that triggered this event</p>\n\n\n\n","optional":false}]},{"name":"EnableChanged","description":"\n","parameter":[{"name":"value","type":"Boolean","index":0,"description":"<p>value reflects state of property 'enable'.<br/>\nFired when enabled state changes.</p>\n\n\n\n","optional":false}]},{"name":"VisibleChanged","description":"\n","parameter":[{"name":"value","type":"Boolean","index":0,"description":"<p>value reflects state of property 'visible'.<br/>\nFired when visible state changes.</p>\n\n\n\n","optional":false}]}],"properties":[{"name":"barPadding","type":"Integer","initOnly":true,"localizable":false,"editableBinding":false,"readOnly":false,"required":false,"owner":"widgets.brease.BarChart","projectable":true,"description":"space between 2 Bars\n","category":"Appearance","defaultValue":"5"},{"name":"chartMargin","type":"PixelValCollection","initOnly":true,"localizable":false,"editableBinding":false,"readOnly":false,"required":false,"owner":"widgets.brease.BarChart","projectable":true,"description":"Defines margins between the chart area and the external border of the widget\n","category":"Appearance","defaultValue":"30px 30px 0px 0px"},{"name":"enable","type":"Boolean","initOnly":false,"localizable":false,"editableBinding":false,"readOnly":false,"required":false,"owner":"brease.core.BaseWidget","projectable":true,"description":"Initial option to enable widget.\n","category":"Behavior","defaultValue":"true"},{"name":"format","type":"brease.config.MeasurementSystemFormat","initOnly":false,"localizable":false,"editableBinding":false,"readOnly":false,"required":false,"owner":"widgets.brease.BarChart","projectable":true,"description":"<a href=\"#!/api/brease.config.NumberFormat\" rel=\"brease.config.NumberFormat\" class=\"docClass\">brease.config.NumberFormat</a> for every measurement system.\nRead more about <a href=\"../FAQ/FormatNumber.html\">Number Formats</a>\n","category":"Appearance","defaultValue":"{&apos;metric&apos;:{ &apos;decimalPlaces&apos; : 0, &apos;minimumIntegerDigits&apos; : 1 }, &apos;imperial&apos; :{ &apos;decimalPlaces&apos; : 0, &apos;minimumIntegerDigits&apos; : 1 }, &apos;imperial-us&apos; :{ &apos;decimalPlaces&apos; : 0, &apos;minimumIntegerDigits&apos; : 1 }}"},{"name":"orientation","type":"brease.enum.Orientation","initOnly":true,"localizable":false,"editableBinding":false,"readOnly":false,"required":false,"owner":"widgets.brease.BarChart","projectable":true,"description":"Orientation of the Widget\nCurrently supported orientations are only ButtomToTop and LeftToRight. TopToBottom and RightToLeft are reserved for later usage\n","category":"Appearance","defaultValue":"BottomToTop"},{"name":"permissionOperate","type":"RoleCollection","initOnly":true,"localizable":false,"editableBinding":false,"readOnly":false,"required":false,"owner":"brease.core.BaseWidget","projectable":true,"description":"restricts operability to users, which have given roles\n","category":"Accessibility"},{"name":"permissionView","type":"RoleCollection","initOnly":true,"localizable":false,"editableBinding":false,"readOnly":false,"required":false,"owner":"brease.core.BaseWidget","projectable":true,"description":"restricts visibility to users, which have given roles\n","category":"Accessibility"},{"name":"showUnit","type":"Boolean","initOnly":true,"localizable":false,"editableBinding":false,"readOnly":false,"required":false,"owner":"widgets.brease.BarChart","projectable":true,"description":"When true the UnitSymbol for the selected unit is shown on the Y-Axis\n","category":"Behavior","defaultValue":"false"},{"name":"showValue","type":"Boolean","initOnly":true,"localizable":false,"editableBinding":false,"readOnly":false,"required":false,"owner":"widgets.brease.BarChart","projectable":true,"description":"When true BarChart is displaying the actual Value of each Bar\n","category":"Behavior","defaultValue":"true"},{"name":"style","type":"StyleReference","initOnly":false,"localizable":false,"editableBinding":false,"readOnly":false,"required":false,"owner":"brease.core.BaseWidget","projectable":true,"description":"reference to a style for this widget type\n","category":"Appearance","defaultValue":"default"},{"name":"transitionTime","type":"UInteger","initOnly":true,"localizable":false,"editableBinding":false,"readOnly":false,"required":false,"owner":"widgets.brease.BarChart","projectable":true,"description":"Defines the time (in ms) used for a transition when the value of a Bar changes.\n","category":"Behavior","defaultValue":"0"},{"name":"unit","type":"brease.config.MeasurementSystemUnit","initOnly":false,"localizable":false,"editableBinding":false,"readOnly":false,"required":false,"owner":"widgets.brease.BarChart","projectable":true,"description":"<a href=\"#!/api/brease.config.NumberFormat\" rel=\"brease.config.NumberFormat\" class=\"docClass\">brease.config.NumberFormat</a> for every measurement system\n","category":"Appearance","defaultValue":""},{"name":"visible","type":"Boolean","initOnly":false,"localizable":false,"editableBinding":false,"readOnly":false,"required":false,"owner":"brease.core.BaseWidget","projectable":true,"description":"change visibility\n","category":"Behavior","defaultValue":"true"},{"name":"xAxisHeight","type":"Integer","initOnly":true,"localizable":false,"editableBinding":false,"readOnly":false,"required":false,"owner":"widgets.brease.BarChart","projectable":true,"description":"Height of the xAxis\n","category":"Appearance","defaultValue":"40"},{"name":"yAxisWidth","type":"Integer","initOnly":true,"localizable":false,"editableBinding":false,"readOnly":false,"required":false,"owner":"widgets.brease.BarChart","projectable":true,"description":"Width of the yAxis\n","category":"Appearance","defaultValue":"40"},{"name":"zIndex","type":"UInteger","description":"The zIndex property specifies the z-order of a widget and its childs.<br/>\r\n        When widgets overlap, z-order determines which one covers the other. A widget with a larger zIndex generally covers a widget with a lower one.<br/>\r\n        The zIndex must be unique within a content.<br/>","initOnly":true,"required":true,"readOnly":false,"projectable":true,"owner":"brease.core.BaseWidget","hide":false},{"name":"left","type":"Integer","description":"absolute position measured from left boundary of parent container","initOnly":true,"required":false,"readOnly":false,"projectable":true,"owner":"brease.core.BaseWidget","hide":false},{"name":"top","type":"Integer","description":"absolute position measured from top boundary of parent container","initOnly":true,"required":false,"readOnly":false,"projectable":true,"owner":"brease.core.BaseWidget","hide":false},{"name":"height","type":"Size","defaultValue":"300","description":"outer height of the widget","initOnly":true,"required":false,"readOnly":false,"projectable":true,"owner":"widgets.brease.BarChart","hide":false},{"name":"width","type":"Size","defaultValue":"300","description":"outer width of the widget","initOnly":true,"required":false,"readOnly":false,"projectable":true,"owner":"widgets.brease.BarChart","hide":false}],"dependencies":{"files":["widgets/brease/DataHandlerWidget/DataHandlerWidget.js","brease/events/BreaseEvent.js","brease/enum/Enum.js","brease/core/Utils.js","brease/decorators/MeasurementSystemDependency.js","brease/config/NumberFormat.js","widgets/brease/BarChart/libs/Renderer.js"],"widgets":["widgets/brease/BarChart/BarChart.js","widgets/brease/DataHandlerWidget/DataHandlerWidget.js"]},"categories":{"Category":["Chart","Container"]},"descriptions":{"short":"Container für BarChartItems","de":"Ein BarChart ist ein Chart welcher Daten mithilfe von Rechtecken, in Abhängigkeit ihres Wertes representiert","en":"A BarChart is a chart which represents data with rectangular bars,\nwhich lenghts are propertional to the values they represent"},"superproperties":{"id":{"type":"WidgetId"},"enable":{"type":"Boolean"},"permissionOperate":{"type":"RoleCollection"},"permissionView":{"type":"RoleCollection"},"style":{"type":"StyleReference"},"visible":{"type":"Boolean"},"zIndex":{"type":"UInteger"},"left":{"type":"Integer"},"top":{"type":"Integer"},"height":{"type":"Size"},"width":{"type":"Size"}},"styleproperties":{"$":{"defaultStyle":"default"},"StyleProperty":[{"$":{"name":"axisColor","type":"Color","category":"Appearance","default":"#000000"},"StyleElement":[{"$":{"selector":".xAxis","attribute":"stroke"}},{"$":{"selector":".yAxis","attribute":"stroke"}}],"Description":["Sets the color of the background. For further information, please check its type"]},{"$":{"name":"textColor","type":"Color","category":"Appearance","default":"#000000"},"StyleElement":[{"$":{"selector":".xAxis text","attribute":"stroke"}},{"$":{"selector":".yAxis text","attribute":"stroke"}},{"$":{"selector":".xAxis text","attribute":"fill"}},{"$":{"selector":".yAxis text","attribute":"fill"}}],"Description":["Sets the color of the text. For further information, please check its type"]},{"$":{"name":"fontSize","type":"PixelVal","category":"Font","default":"12px"},"StyleElement":[{"$":{"selector":".xAxis text","attribute":"font-size"}},{"$":{"selector":".yAxis text","attribute":"font-size"}}],"Description":["Sets the size of the text. For further information, please check its type"]},{"$":{"name":"fontName","type":"FontName","category":"Font","default":"Arial"},"StyleElement":[{"$":{"selector":".xAxis text","attribute":"font-family"}},{"$":{"selector":".yAxis text","attribute":"font-family"}}],"Description":["Sets the size of the text. For further information, please check its type"]},{"$":{"name":"bold","category":"Font","type":"Boolean","default":"false"},"StyleElement":[{"$":{"selector":".xAxis text","attribute":"@include font-weight-bold($value)"}},{"$":{"selector":".yAxis text","attribute":"@include font-weight-bold($value)"}}],"Description":["If *true* font style is bold"]},{"$":{"name":"gridColor","type":"Color","category":"Appearance","default":"#cccccc"},"StyleElement":[{"$":{"selector":".xAxisGrid line","attribute":"stroke"}},{"$":{"selector":".yAxisGrid line","attribute":"stroke"}}],"Description":["Sets the color of the gridLine. For further information, please check its type"]},{"$":{"name":"rotation","category":"Appearance","type":"Rotation","default":"0deg"},"StyleElement":[{"$":{"attribute":"@include rotate($value)"}}],"Description":["Rotation of widget."]},{"$":{"name":"italic","category":"Font","type":"Boolean","default":"false"},"StyleElement":[{"$":{"selector":".xAxis text","attribute":"@include font-style-italic($value)"}},{"$":{"selector":".yAxis text","attribute":"@include font-style-italic($value)"}}],"Description":["If *true* font style is italic"]},{"$":{"name":"opacity","type":"Opacity","category":"Appearance","default":"1"},"StyleElement":[{"$":{"attribute":"opacity"}}],"Description":["Opacity of the widget"]},{"$":{"name":"backColor","type":"Color","category":"Appearance","default":"transparent"},"StyleElement":[{"$":{"attribute":"background-color"}}],"Description":["Sets the background color"]},{"$":{"name":"borderStyle","type":"BorderStyle","category":"Appearance","default":"solid"},"StyleElement":[{"$":{"attribute":"border-style"}}],"Description":["Sets the border style"]},{"$":{"name":"borderWidth","type":"PixelValCollection","category":"Appearance","default":"2px"},"StyleElement":[{"$":{"attribute":"border-width"}}],"Description":["Sets the border width"]},{"$":{"name":"borderColor","type":"Color","category":"Appearance","default":"#000000"},"StyleElement":[{"$":{"attribute":"border-color"}}],"Description":["Sets the border color"]},{"$":{"name":"cornerRadius","type":"PixelValCollection","category":"Appearance","default":"0px"},"StyleElement":[{"$":{"attribute":"border-radius"}}],"Description":["Sets the corner radius"]},{"$":{"name":"margin","category":"Layout","type":"Margin","default":"0px"},"StyleElement":[{"$":{"attribute":"margin"}}],"Description":["Margin of the Widget"]}]}}