{"name":"widgets.brease.FlexBox","type":"widget","meta":{"superClass":"brease.core.ContainerWidget","requires":[],"mixins":[],"parents":["*"],"children":["widgets.brease.FlexBoxItem"],"inheritance":["widgets.brease.FlexBox","brease.core.ContainerWidget","brease.core.BaseWidget"],"isContainer":"true","filePath":"widgets/brease/FlexBox/FlexBox.js"},"methods":[{"name":"setAlignment","originalName":"setAlignment","description":"<p>Sets alignment</p>\n","iatStudioExposed":false,"parameter":[{"name":"alignment","type":"brease.enum.Direction","index":0,"description":"\n","optional":false}]},{"name":"SetEnable","originalName":"setEnable","description":"<p>setter for binding of 'enable'</p>\n","iatStudioExposed":true,"parameter":[{"name":"value","type":"Boolean","index":0,"description":"<p>State of 'enable' (false = disabled, true = enabled)</p>\n\n\n\n","optional":false}]},{"name":"SetStyle","originalName":"setStyle","description":"\n","iatStudioExposed":true,"parameter":[{"name":"value","type":"StyleReference","index":0,"description":"\n","optional":false}]},{"name":"SetVisible","originalName":"setVisible","description":"<p>Sets the visibility of the widget.</p>\n","iatStudioExposed":true,"parameter":[{"name":"value","type":"Boolean","index":0,"description":"<p>State of visibility (false = hide, true = show)</p>\n\n\n\n","optional":false}]}],"events":[{"name":"Click","description":"<p>Fired when element is clicked on.</p>\n","parameter":[{"name":"origin","type":"String","index":0,"description":"<p>id of widget that triggered this event</p>\n\n\n\n","optional":false}]},{"name":"EnableChanged","description":"\n","parameter":[{"name":"value","type":"Boolean","index":0,"description":"<p>value reflects state of property 'enable'.<br/>\nFired when enabled state changes.</p>\n\n\n\n","optional":false}]},{"name":"VisibleChanged","description":"\n","parameter":[{"name":"value","type":"Boolean","index":0,"description":"<p>value reflects state of property 'visible'.<br/>\nFired when visible state changes.</p>\n\n\n\n","optional":false}]}],"properties":[{"name":"alignment","type":"brease.enum.Direction","initOnly":true,"localizable":false,"editableBinding":false,"readOnly":false,"required":false,"owner":"widgets.brease.FlexBox","projectable":true,"description":"Alignment of the FlexBoxItems\nhorizontal: elements aligned from left to right.\nvertical: elements aligned from top to bottom.\n","category":"Appearance","defaultValue":"vertical"},{"name":"enable","type":"Boolean","initOnly":false,"localizable":false,"editableBinding":false,"readOnly":false,"required":false,"owner":"brease.core.BaseWidget","projectable":true,"description":"Initial option to enable widget.\n","category":"Behavior","defaultValue":"true"},{"name":"permissionOperate","type":"RoleCollection","initOnly":true,"localizable":false,"editableBinding":false,"readOnly":false,"required":false,"owner":"brease.core.BaseWidget","projectable":true,"description":"restricts operability to users, which have given roles\n","category":"Accessibility"},{"name":"permissionView","type":"RoleCollection","initOnly":true,"localizable":false,"editableBinding":false,"readOnly":false,"required":false,"owner":"brease.core.BaseWidget","projectable":true,"description":"restricts visibility to users, which have given roles\n","category":"Accessibility"},{"name":"style","type":"StyleReference","initOnly":false,"localizable":false,"editableBinding":false,"readOnly":false,"required":false,"owner":"brease.core.BaseWidget","projectable":true,"description":"reference to a style for this widget type\n","category":"Appearance","defaultValue":"default"},{"name":"visible","type":"Boolean","initOnly":false,"localizable":false,"editableBinding":false,"readOnly":false,"required":false,"owner":"brease.core.BaseWidget","projectable":true,"description":"change visibility\n","category":"Behavior","defaultValue":"true"},{"name":"zIndex","type":"UInteger","description":"The zIndex property specifies the z-order of a widget and its childs.<br/>\r\n        When widgets overlap, z-order determines which one covers the other. A widget with a larger zIndex generally covers a widget with a lower one.<br/>\r\n        The zIndex must be unique within a content.<br/>","initOnly":true,"required":true,"readOnly":false,"projectable":true,"owner":"brease.core.BaseWidget","hide":false},{"name":"left","type":"Integer","description":"absolute position measured from left boundary of parent container","initOnly":true,"required":false,"readOnly":false,"projectable":true,"owner":"brease.core.BaseWidget","hide":false},{"name":"top","type":"Integer","description":"absolute position measured from top boundary of parent container","initOnly":true,"required":false,"readOnly":false,"projectable":true,"owner":"brease.core.BaseWidget","hide":false},{"name":"height","type":"Size","defaultValue":"150","description":"outer height of widget","initOnly":true,"required":false,"readOnly":false,"projectable":true,"owner":"widgets.brease.FlexBox","hide":false},{"name":"width","type":"Size","defaultValue":"200","description":"outer width of widget","initOnly":true,"required":false,"readOnly":false,"projectable":true,"owner":"widgets.brease.FlexBox","hide":false}],"dependencies":{"files":["brease/core/ContainerWidget.js","brease/events/BreaseEvent.js","brease/decorators/LanguageDependency.js","brease/enum/Enum.js","brease/core/Types.js","brease/helper/Scroller.js"],"widgets":["widgets/brease/FlexBox/FlexBox.js"]},"categories":{"Category":["Container"]},"descriptions":{"short":"Rahmen mit Label","de":"Zeigt einen Rahmen um eine Gruppe von Widgets; optional mit einem Beschriftungstext","en":"Defines a frame/area where FlexBox item are placed and can expand/shrink as confifured"},"superproperties":{"id":{"type":"WidgetId"},"enable":{"type":"Boolean"},"permissionOperate":{"type":"RoleCollection"},"permissionView":{"type":"RoleCollection"},"style":{"type":"StyleReference"},"visible":{"type":"Boolean"},"zIndex":{"type":"UInteger"},"left":{"type":"Integer"},"top":{"type":"Integer"},"height":{"type":"Size"},"width":{"type":"Size"}},"styleproperties":{"$":{"defaultStyle":"default"},"StyleProperty":[{"$":{"name":"borderWidth","type":"PixelValCollection","default":"1px","category":"Appearance"},"StyleElement":[{"$":{"selector":"","attribute":"border-width"}},{"$":{"selector":"> .header","attribute":"border-width"}}],"Description":["Sets the width of the border of the widget. For further information, please check its type"]},{"$":{"name":"cornerRadius","category":"Appearance","type":"PixelValCollection","default":"0px"},"StyleElement":[{"$":{"attribute":"@include border-radius($value)"}}],"Description":["Sets the radius of the widget rounded corners. For further information, please check its type"]},{"$":{"name":"backColor","category":"Appearance","type":"Color","default":"transparent"},"StyleElement":[{"$":{"attribute":"background-color"}}],"Description":["Sets the background color of the group-box"]},{"$":{"name":"backGroundGradient","category":"Appearance","type":"Gradient","default":"none"},"StyleElement":[{"$":{"selector":"> .container","attribute":"background-image"}}],"Description":["Background as a gradient"]},{"$":{"name":"borderColor","category":"Appearance","type":"ColorCollection","default":"#DFDFDF"},"StyleElement":[{"$":{"attribute":"border-color"}},{"$":{"selector":"> .header","attribute":"border-color"}}],"Description":["Sets the border color of the group-box. For further information, please check its type"]},{"$":{"name":"borderStyle","category":"Appearance","type":"BorderStyle","default":"solid"},"StyleElement":[{"$":{"selector":"","attribute":"border-style"}},{"$":{"selector":"> .header","attribute":"border-bottom-style"}}],"Description":["Style of the Border of the widget"]},{"$":{"name":"opacity","category":"Appearance","type":"Opacity","default":"1"},"StyleElement":[{"$":{"attribute":"opacity"}}],"Description":["Opacity of the widget"]},{"$":{"name":"shadow","category":"Appearance","type":"Shadow","default":"none"},"StyleElement":[{"$":{"attribute":"@include box-shadow($value)"}}],"Description":["Shadow of the Widget"]},{"$":{"name":"padding","category":"Layout","type":"Padding","default":"10px"},"StyleElement":[{"$":{"selector":"> .container","attribute":"padding"}}],"Description":["Padding of the Widget"]},{"$":{"name":"margin","category":"Layout","type":"Margin","default":"0px"},"StyleElement":[{"$":{"attribute":"margin"}}],"Description":["Margin of the Widget"]}]}}