{"startPage":"mainPage","pages":{"mainPage":{"layout":"standardLayout","assignments":[{"areaId":"areaTop","contentId":"topContent","type":"Content","backColor":"rgba(255, 130, 0, 1)"},{"areaId":"areaRight","contentId":"rightContent","type":"Content","backColor":"rgba(255, 255, 255, 1)"},{"areaId":"areaLeft","contentId":"leftContent","type":"Content","backColor":"rgba(255, 255, 255, 1)"},{"areaId":"areaMain","contentId":"mainContent","type":"Content","backColor":"rgba(255, 255, 255, 1)"}]}},"layouts":{"standardLayout":{"areas":{"areaTop":{"height":200,"width":1920,"top":0,"left":0},"areaMain":{"height":880,"width":1320,"top":200,"left":300},"areaRight":{"height":880,"width":300,"top":200,"left":1620},"areaLeft":{"height":880,"width":300,"top":200,"left":0}},"width":1920,"height":1080}},"contents":{"topContent":{"path":"/contents/mappView/topContent.html","height":200,"width":1920},"rightContent":{"path":"/contents/mappView/rightContent.html","height":880,"width":300},"leftContent":{"path":"/contents/mappView/leftContent.html","height":880,"width":300},"mainContent":{"path":"/contents/mappView/mainContent.html","height":880,"width":1320}},"configurations":{"activityCount":false,"zoom":true}}