{"name":"widgets.brease.Button","type":"widget","meta":{"superClass":"brease.core.BaseWidget","requires":[],"mixins":[],"parents":["*"],"children":[],"inheritance":["widgets.brease.Button","brease.core.BaseWidget"],"filePath":"widgets/brease/Button/Button.js"},"methods":[{"name":"RemoveImage","originalName":"removeImage","description":"<p>Remove an image.</p>\n","iatStudioExposed":true},{"name":"RemoveMouseDownText","originalName":"removeMouseDownText","description":"<p>Remove mouseDownText.</p>\n","iatStudioExposed":true},{"name":"RemoveText","originalName":"removeText","description":"<p>Remove text.</p>\n","iatStudioExposed":true},{"name":"setBreakWord","originalName":"setBreakWord","description":"<p>Sets the value for break word.</p>\n","iatStudioExposed":false,"parameter":[{"name":"breakWord","type":"Boolean","index":0,"description":"\n","optional":false}]},{"name":"setEllipsis","originalName":"setEllipsis","description":"<p>Sets the value if ellipsis should be used.</p>\n","iatStudioExposed":false,"parameter":[{"name":"ellipsis","type":"Boolean","index":0,"description":"\n","optional":false}]},{"name":"SetEnable","originalName":"setEnable","description":"<p>setter for binding of 'enable'</p>\n","iatStudioExposed":true,"parameter":[{"name":"value","type":"Boolean","index":0,"description":"<p>State of 'enable' (false = disabled, true = enabled)</p>\n\n\n\n","optional":false}]},{"name":"SetImage","originalName":"setImage","description":"<p>Sets an image.</p>\n","iatStudioExposed":true,"parameter":[{"name":"image","type":"ImagePath","index":0,"description":"\n","optional":false}]},{"name":"setImageAlign","originalName":"setImageAlign","description":"<p>Sets the value for image align.</p>\n","iatStudioExposed":false,"parameter":[{"name":"imageAlign","type":"brease.enum.ImageAlign","index":0,"description":"\n","optional":false}]},{"name":"SetMouseDownImage","originalName":"setMouseDownImage","description":"<p>Sets the image when mouse down</p>\n","iatStudioExposed":true,"parameter":[{"name":"mouseDownImage","type":"ImagePath","index":0,"description":"\n","optional":false}]},{"name":"SetMouseDownText","originalName":"setMouseDownText","description":"<p>Sets the visible text for pressed state. This method can remove an optional textkey.</p>\n","iatStudioExposed":true,"parameter":[{"name":"text","type":"String","index":0,"description":"\n","optional":false},{"name":"keepKey","type":"Boolean","index":1,"description":"<p>Set true, if textkey should not be removed</p>\n","optional":false}]},{"name":"setMouseDownTextKey","originalName":"setMouseDownTextKey","description":"<p>set the textkey for mouseDownText</p>\n","iatStudioExposed":false,"parameter":[{"name":"key","type":"String","index":0,"description":"<p>The new textkey</p>\n","optional":false}]},{"name":"setMultiLine","originalName":"setMultiLine","description":"<p>Sets the value for multiLine.</p>\n","iatStudioExposed":false,"parameter":[{"name":"multiLine","type":"Boolean","index":0,"description":"\n","optional":false}]},{"name":"SetStyle","originalName":"setStyle","description":"\n","iatStudioExposed":true,"parameter":[{"name":"value","type":"StyleReference","index":0,"description":"\n","optional":false}]},{"name":"SetText","originalName":"setText","description":"<p>Sets the visible text. This method can remove an optional textkey.</p>\n","iatStudioExposed":true,"parameter":[{"name":"text","type":"String","index":0,"description":"\n","optional":false},{"name":"keepKey","type":"Boolean","index":1,"description":"<p>Set true, if textkey should not be removed</p>\n","optional":false}]},{"name":"setTextKey","originalName":"setTextKey","description":"<p>set the textkey</p>\n","iatStudioExposed":false,"parameter":[{"name":"key","type":"String","index":0,"description":"<p>The new textkey</p>\n","optional":false}]},{"name":"SetVisible","originalName":"setVisible","description":"<p>Sets the visibility of the widget.</p>\n","iatStudioExposed":true,"parameter":[{"name":"value","type":"Boolean","index":0,"description":"<p>State of visibility (false = hide, true = show)</p>\n\n\n\n","optional":false}]},{"name":"setWordWrap","originalName":"setWordWrap","description":"<p>Sets the value for word wrap.</p>\n","iatStudioExposed":false,"parameter":[{"name":"wordWrap","type":"Boolean","index":0,"description":"\n","optional":false}]}],"events":[{"name":"Click","description":"<p>Fired when element is clicked on.</p>\n"},{"name":"DoubleClick","description":"<p>Fired when element has double click.</p>\n"},{"name":"EnableChanged","description":"\n","parameter":[{"name":"value","type":"Boolean","index":0,"description":"<p>value reflects state of property 'enable'.<br/>\nFired when enabled state changes.</p>\n\n\n\n","optional":false}]},{"name":"MouseDown","description":"<p>Fired when widget enters mouseDown state</p>\n"},{"name":"MouseUp","description":"<p>Fired when widget enters mouseUp state</p>\n"},{"name":"VisibleChanged","description":"\n","parameter":[{"name":"value","type":"Boolean","index":0,"description":"<p>value reflects state of property 'visible'.<br/>\nFired when visible state changes.</p>\n\n\n\n","optional":false}]}],"properties":[{"name":"breakWord","type":"Boolean","initOnly":true,"localizable":false,"editableBinding":false,"readOnly":false,"required":false,"owner":"widgets.brease.Button","projectable":true,"description":"Allows lines to be broken within words if an otherwise unbreakable string is too long to fit.\n","category":"Behavior","defaultValue":"false"},{"name":"ellipsis","type":"Boolean","initOnly":true,"localizable":false,"editableBinding":false,"readOnly":false,"required":false,"owner":"widgets.brease.Button","projectable":true,"description":"If true, overflow of text is symbolized with an ellipsis. This option has no effect, if wordWrap = true.\n","category":"Behavior","defaultValue":"false"},{"name":"enable","type":"Boolean","initOnly":false,"localizable":false,"editableBinding":false,"readOnly":false,"required":false,"owner":"brease.core.BaseWidget","projectable":true,"description":"Initial option to enable widget.\n","category":"Behavior","defaultValue":"true"},{"name":"image","type":"ImagePath","initOnly":false,"localizable":false,"editableBinding":false,"readOnly":false,"required":false,"owner":"widgets.brease.Button","projectable":true,"description":"Path to an optional image.\n","category":"Appearance","defaultValue":""},{"name":"imageAlign","type":"brease.enum.ImageAlign","initOnly":true,"localizable":false,"editableBinding":false,"readOnly":false,"required":false,"owner":"widgets.brease.Button","projectable":true,"description":"Position of image relative to text.\n","category":"Appearance","defaultValue":"left"},{"name":"mouseDownImage","type":"ImagePath","initOnly":false,"localizable":false,"editableBinding":false,"readOnly":false,"required":false,"owner":"widgets.brease.Button","projectable":true,"description":"Path to an optional image for mouseDown.\n","category":"Appearance","defaultValue":""},{"name":"mouseDownText","type":"String","initOnly":false,"localizable":true,"editableBinding":false,"readOnly":false,"required":false,"owner":"widgets.brease.Button","projectable":true,"description":"Text which is displayed in the button when pressed\n","category":"Appearance","defaultValue":""},{"name":"multiLine","type":"Boolean","initOnly":true,"localizable":false,"editableBinding":false,"readOnly":false,"required":false,"owner":"widgets.brease.Button","projectable":true,"description":"If true, more than one line is possible.<br/>\nText will wrap when necessary (if property wordWrap is set to true) or at explicit line breaks (\\n).\nIf false, text will never wrap to the next line. The text continues on the same line.\n","category":"Behavior","defaultValue":"false"},{"name":"permissionOperate","type":"RoleCollection","initOnly":true,"localizable":false,"editableBinding":false,"readOnly":false,"required":false,"owner":"brease.core.BaseWidget","projectable":true,"description":"restricts operability to users, which have given roles\n","category":"Accessibility"},{"name":"permissionView","type":"RoleCollection","initOnly":true,"localizable":false,"editableBinding":false,"readOnly":false,"required":false,"owner":"brease.core.BaseWidget","projectable":true,"description":"restricts visibility to users, which have given roles\n","category":"Accessibility"},{"name":"style","type":"StyleReference","initOnly":false,"localizable":false,"editableBinding":false,"readOnly":false,"required":false,"owner":"brease.core.BaseWidget","projectable":true,"description":"reference to a style for this widget type\n","category":"Appearance","defaultValue":"default"},{"name":"text","type":"String","initOnly":false,"localizable":true,"editableBinding":false,"readOnly":false,"required":false,"owner":"widgets.brease.Button","projectable":true,"description":"Text which is displayed in the button\n","category":"Appearance","defaultValue":""},{"name":"visible","type":"Boolean","initOnly":false,"localizable":false,"editableBinding":false,"readOnly":false,"required":false,"owner":"brease.core.BaseWidget","projectable":true,"description":"change visibility\n","category":"Behavior","defaultValue":"true"},{"name":"wordWrap","type":"Boolean","initOnly":true,"localizable":false,"editableBinding":false,"readOnly":false,"required":false,"owner":"widgets.brease.Button","projectable":true,"description":"If true, text will wrap when necessary.<br/>\nThis property has no effect, if multiLine=false\n","category":"Behavior","defaultValue":"false"},{"name":"imageHeight","type":"Size","defaultValue":"0","description":"height of the image","initOnly":true,"required":false,"readOnly":false,"projectable":true,"hide":false},{"name":"imageWidth","type":"Size","defaultValue":"0","description":"width of the image","initOnly":true,"required":false,"readOnly":false,"projectable":true,"hide":false},{"name":"zIndex","type":"UInteger","description":"The zIndex property specifies the z-order of a widget and its childs.<br/>\r\n        When widgets overlap, z-order determines which one covers the other. A widget with a larger zIndex generally covers a widget with a lower one.<br/>\r\n        The zIndex must be unique within a content.<br/>","initOnly":true,"required":true,"readOnly":false,"projectable":true,"owner":"brease.core.BaseWidget","hide":false},{"name":"left","type":"Integer","description":"absolute position measured from left boundary of parent container","initOnly":true,"required":false,"readOnly":false,"projectable":true,"owner":"brease.core.BaseWidget","hide":false},{"name":"top","type":"Integer","description":"absolute position measured from top boundary of parent container","initOnly":true,"required":false,"readOnly":false,"projectable":true,"owner":"brease.core.BaseWidget","hide":false},{"name":"height","type":"Size","defaultValue":"30","description":"outer height of widget","initOnly":true,"required":false,"readOnly":false,"projectable":true,"owner":"widgets.brease.Button","hide":false},{"name":"width","type":"Size","defaultValue":"100","description":"outer width of widget","initOnly":true,"required":false,"readOnly":false,"projectable":true,"owner":"widgets.brease.Button","hide":false}],"dependencies":{"files":["brease/core/BaseWidget.js","brease/decorators/LanguageDependency.js","brease/enum/Enum.js","brease/core/Types.js","brease/core/Utils.js","widgets/brease/common/libs/wfUtils/UtilsImage.js","brease/events/BreaseEvent.js"],"widgets":["widgets/brease/Button/Button.js"]},"categories":{"Category":["Buttons"]},"descriptions":{"short":"Button mit projektierten Aktionen (onClick)","de":"Löst ein Ereignis mit einer zugeordneten Aktion aus, wenn der Benutzer darauf klickt","en":"Raises an event with an associated action when the user clicks it"},"superproperties":{"id":{"type":"WidgetId"},"enable":{"type":"Boolean"},"permissionOperate":{"type":"RoleCollection"},"permissionView":{"type":"RoleCollection"},"style":{"type":"StyleReference"},"visible":{"type":"Boolean"},"zIndex":{"type":"UInteger"},"left":{"type":"Integer"},"top":{"type":"Integer"},"height":{"type":"Size"},"width":{"type":"Size"}},"styleproperties":{"$":{"defaultStyle":"default"},"StyleProperty":[{"$":{"name":"imageColor","category":"Appearance","type":"Color","default":"#000000"},"StyleElement":[{"$":{"selector":"&:not(.active):not(.disabled) svg","attribute":"fill"}}],"Description":["Color of the image - only apply if a SVG image is used"]},{"$":{"name":"mouseDownImageColor","category":"Appearance","type":"Color","default":"#000000"},"StyleElement":[{"$":{"selector":"&.active svg","attribute":"fill"}}],"Description":["Color of the image - only apply if a SVG image is used"]},{"$":{"name":"disabledImageColor","category":"Appearance","type":"Color","default":"#000000"},"StyleElement":[{"$":{"selector":"&.disabled svg","attribute":"fill"}}],"Description":["Color of the image - only apply if a SVG image is used"]},{"$":{"name":"borderStyle","type":"BorderStyle","category":"Appearance","default":"solid"},"StyleElement":[{"$":{"attribute":"border-style"}},{"$":{"selector":"&.active","attribute":"border-style"}},{"$":{"selector":"&.checked","attribute":"border-style"}},{"$":{"selector":"&.disabled","attribute":"border-style"}}],"Description":["Style of the Border of the widget"]},{"$":{"name":"borderWidth","type":"PixelValCollection","category":"Appearance","default":"2px"},"StyleElement":[{"$":{"attribute":"border-width"}},{"$":{"selector":"&.disabled","attribute":"border-width"}}],"Description":["Sets the width of the border. For further information, please check its type"]},{"$":{"name":"cornerRadius","type":"PixelValCollection","category":"Appearance","default":"0px"},"StyleElement":[{"$":{"attribute":"@include border-radius($value)"}}],"Description":["Sets the radius of the widget rounded corners. For further information, please check its type"]},{"$":{"name":"backColor","category":"Appearance","type":"Color","default":"#DBDBDB"},"StyleElement":[{"$":{"selector":"&:not(.disabled)","attribute":"background-color"}}],"Description":["Sets the background color"]},{"$":{"name":"disabledBackColor","category":"Appearance","type":"Color","default":"#F1F1F1"},"StyleElement":[{"$":{"selector":"&.disabled","attribute":"background-color"}},{"$":{"selector":"&.disabled.active","attribute":"background-color"}},{"$":{"selector":"&.disabled.checked","attribute":"background-color"}}],"Description":["Sets the background color when disabled"]},{"$":{"name":"backGroundGradient","category":"Appearance","type":"Gradient","default":"none"},"StyleElement":[{"$":{"selector":"&:not(.disabled)","attribute":"background-image"}}],"Description":["Background as a gradient"]},{"$":{"name":"disabledBackGroundGradient","category":"Appearance","type":"Gradient","default":"none"},"StyleElement":[{"$":{"selector":"&.disabled","attribute":"background-image"}},{"$":{"selector":"&.disabled.active","attribute":"background-image"}},{"$":{"selector":"&.disabled.checked","attribute":"background-image"}}],"Description":["Background as a gradient"]},{"$":{"name":"mouseDownBackGroundGradient","category":"Appearance","type":"Gradient","default":"none"},"StyleElement":[{"$":{"selector":"&.active:not(.disabled):not(.editMode)","attribute":"background-image"}},{"$":{"selector":"&.checked:not(.disabled)","attribute":"background-image"}}],"Description":["Background as a gradient when button is clicked"]},{"$":{"name":"backGround","category":"Appearance","type":"ImagePath","default":""},"StyleElement":[{"$":{"attribute":"@include backGroundImage('../$value')"}}],"Description":["Sets the path for an image as background"]},{"$":{"name":"borderColor","category":"Appearance","type":"ColorCollection","default":"#5B7C70"},"StyleElement":[{"$":{"selector":"&:not(.disabled)","attribute":"border-color"}}],"Description":["Sets the border color"]},{"$":{"name":"disabledBorderColor","category":"Appearance","type":"ColorCollection","default":"#FFFFFF #C8C8C8 #C8C8C8 #FFFFFF"},"StyleElement":[{"$":{"selector":"&.disabled","attribute":"border-color"}},{"$":{"selector":"&.disabled.active","attribute":"border-color"}},{"$":{"selector":"&.disabled.checked","attribute":"border-color"}}],"Description":["Sets the color of the border when disabled"]},{"$":{"name":"textColor","category":"Appearance","type":"Color","default":"#000000"},"StyleElement":[{"$":{"selector":"&:not(.disabled) span","attribute":"color"}}],"Description":["Sets the color of the text when enabled"]},{"$":{"name":"disabledTextColor","category":"Appearance","type":"Color","default":"#989898"},"StyleElement":[{"$":{"selector":"&.disabled span","attribute":"color"}},{"$":{"selector":"&.disabled.active span","attribute":"color"}},{"$":{"selector":"&.disabled:checked span","attribute":"color"}}],"Description":["Sets the color of the text when disabled"]},{"$":{"name":"mouseDownBorderColor","category":"Appearance","type":"ColorCollection","default":"#FD7B01"},"StyleElement":[{"$":{"selector":"&.active:not(.disabled):not(.editMode)","attribute":"border-color"}},{"$":{"selector":"&.checked:not(.disabled)","attribute":"border-color"}}],"Description":["border color when button is clicked"]},{"$":{"name":"mouseDownBorderWidth","category":"Appearance","type":"PixelValCollection","default":"2px"},"StyleElement":[{"$":{"selector":"&.active:not(.disabled):not(.editMode)","attribute":"border-width"}},{"$":{"selector":"&.checked:not(.disabled)","attribute":"border-width"}}],"Description":["border width when button is clicked"]},{"$":{"name":"mouseDownBackColor","category":"Appearance","type":"Color","default":"#DBDBDB"},"StyleElement":[{"$":{"selector":"&.active:not(.disabled):not(.editMode)","attribute":"background-color"}},{"$":{"selector":"&.checked:not(.disabled)","attribute":"background-color"}}],"Description":["back color when button is clicked"]},{"$":{"name":"mouseDownTextColor","category":"Appearance","type":"Color","default":"#000000"},"StyleElement":[{"$":{"selector":"&.active:not(.disabled):not(.editMode) span","attribute":"color"}},{"$":{"selector":"&.checked:not(.disabled) span","attribute":"color"}}],"Description":["text color when button is clicked"]},{"$":{"name":"textAlign","category":"Appearance","type":"brease.enum.TextAlign","default":"center"},"StyleElement":[{"$":{"attribute":"@include text-alignment($value)"}}],"Description":["Alignment of the text"]},{"$":{"name":"opacity","category":"Appearance","type":"Opacity","default":"1"},"StyleElement":[{"$":{"attribute":"opacity"}}],"Description":["Opacity of the widget"]},{"$":{"name":"rotation","category":"Appearance","type":"Rotation","default":"0deg"},"StyleElement":[{"$":{"attribute":"@include rotate($value)"}}],"Description":["Rotation of widget."]},{"$":{"name":"fontSize","category":"Font","type":"PixelVal","default":"12px"},"StyleElement":[{"$":{"selector":"span","attribute":"font-size"}}],"Description":["Fontsize of the text in pixel"]},{"$":{"name":"fontName","category":"Font","type":"FontName","default":"Arial"},"StyleElement":[{"$":{"selector":"span","attribute":"font-family"}}],"Description":["Fontname of the text"]},{"$":{"name":"bold","category":"Font","type":"Boolean","default":"false"},"StyleElement":[{"$":{"selector":"span","attribute":"@include font-weight-bold($value)"}}],"Description":["If *true* font style is bold"]},{"$":{"name":"italic","category":"Font","type":"Boolean","default":"false"},"StyleElement":[{"$":{"selector":"span","attribute":"@include font-style-italic($value)"}}],"Description":["If *true* font style is italic"]},{"$":{"name":"padding","category":"Layout","type":"Padding","default":"0px 10px"},"StyleElement":[{"$":{"attribute":"padding"}}],"Description":["Padding of the Widget"]},{"$":{"name":"margin","category":"Layout","type":"Margin","default":"0px"},"StyleElement":[{"$":{"attribute":"margin"}}],"Description":["Margin of the Widget"]},{"$":{"name":"shadow","type":"Shadow","category":"Appearance","default":"none"},"StyleElement":[{"$":{"attribute":"@include box-shadow($value)"}},{"$":{"selector":"&.disabled.active","attribute":"@include box-shadow($value)"}},{"$":{"selector":"&.disabled.checked","attribute":"@include box-shadow($value)"}}],"Description":["Shadow of the Widget"]},{"$":{"name":"mouseDownShadow","type":"Shadow","category":"Appearance","default":"none"},"StyleElement":[{"$":{"selector":"&.active:not(.disabled):not(.editMode)","attribute":"@include box-shadow($value)"}},{"$":{"selector":"&.checked:not(.disabled)","attribute":"@include box-shadow($value)"}}],"Description":["Shadow of the Widget when button clicked"]}]}}