{"name":"widgets.brease.KeyBoard","type":"widget","meta":{"superClass":"widgets.brease.Window","requires":[],"mixins":[],"parents":["*"],"children":[],"inheritance":["widgets.brease.KeyBoard","widgets.brease.Window","brease.core.BaseWidget"],"visible":"false","createHelp":"true","filePath":"widgets/brease/KeyBoard/KeyBoard.js"},"methods":[{"name":"setEnable","originalName":"setEnable","description":"<p>setter for binding of 'enable'</p>\n","iatStudioExposed":false,"parameter":[{"name":"value","type":"Boolean","index":0,"description":"<p>State of 'enable' (false = disabled, true = enabled)</p>\n\n\n\n","optional":false}]},{"name":"setStyle","originalName":"setStyle","description":"\n","iatStudioExposed":false,"parameter":[{"name":"value","type":"StyleReference","index":0,"description":"\n","optional":false}]},{"name":"setVisible","originalName":"setVisible","description":"<p>Sets the visibility of the widget.</p>\n","iatStudioExposed":false,"parameter":[{"name":"value","type":"Boolean","index":0,"description":"<p>State of visibility (false = hide, true = show)</p>\n\n\n\n","optional":false}]}],"events":[],"properties":[{"name":"enable","type":"Boolean","initOnly":false,"localizable":false,"editableBinding":false,"readOnly":false,"required":false,"owner":"brease.core.BaseWidget","projectable":true,"description":"Initial option to enable widget.\n","category":"Behavior","defaultValue":"true"},{"name":"modal","type":"Boolean","initOnly":true,"localizable":false,"editableBinding":false,"readOnly":false,"required":false,"owner":"brease.objects.WindowConfig","projectable":true,"description":"If true, the window will be modal, in the meaning that no interaction with beneath page is possible. A semi transparent overlay between window and parent application will catch user actions.<br/>\nIt depends on settings 'showCloseButton' and 'forceInteraction' how the user can close the window.\n","defaultValue":"true"},{"name":"permissionOperate","type":"RoleCollection","initOnly":true,"localizable":false,"editableBinding":false,"readOnly":false,"required":false,"owner":"brease.core.BaseWidget","projectable":true,"description":"restricts operability to users, which have given roles\n","category":"Accessibility"},{"name":"permissionView","type":"RoleCollection","initOnly":true,"localizable":false,"editableBinding":false,"readOnly":false,"required":false,"owner":"brease.core.BaseWidget","projectable":true,"description":"restricts visibility to users, which have given roles\n","category":"Accessibility"},{"name":"position","type":"Object","initOnly":true,"localizable":false,"editableBinding":false,"readOnly":false,"required":false,"owner":"brease.objects.WindowConfig","projectable":true,"description":"Horizontal and vertical position of the Window.<br/>\nEither a string (horizontal:left/center/right, vertical:top/middle/bottom) or an integer.<br/>\nExample :\n\n<pre><code>{'horizontal': 'center', 'vertical': 105}\n</code></pre>\n","defaultValue":"{&apos;horizontal&apos;:&apos;center&apos;, &apos;vertical&apos;:&apos;middle&apos;}"},{"name":"style","type":"StyleReference","initOnly":false,"localizable":false,"editableBinding":false,"readOnly":false,"required":false,"owner":"brease.core.BaseWidget","projectable":true,"description":"reference to a style for this widget type\n","category":"Appearance","defaultValue":"default"},{"name":"visible","type":"Boolean","initOnly":false,"localizable":false,"editableBinding":false,"readOnly":false,"required":false,"owner":"brease.core.BaseWidget","projectable":true,"description":"change visibility\n","category":"Behavior","defaultValue":"true"},{"name":"zIndex","type":"UInteger","description":"The zIndex property specifies the z-order of a widget and its childs.<br/>\r\n        When widgets overlap, z-order determines which one covers the other. A widget with a larger zIndex generally covers a widget with a lower one.<br/>\r\n        The zIndex must be unique within a content.<br/>","initOnly":true,"required":true,"readOnly":false,"projectable":true,"owner":"brease.core.BaseWidget","hide":false},{"name":"left","type":"Integer","description":"absolute position measured from left boundary of parent container","initOnly":true,"required":false,"readOnly":false,"projectable":true,"owner":"brease.core.BaseWidget","hide":false},{"name":"top","type":"Integer","description":"absolute position measured from top boundary of parent container","initOnly":true,"required":false,"readOnly":false,"projectable":true,"owner":"brease.core.BaseWidget","hide":false},{"name":"height","type":"Size","defaultValue":"473","description":"outer height of widget","initOnly":true,"required":false,"readOnly":false,"projectable":true,"owner":"widgets.brease.KeyBoard","hide":false},{"name":"width","type":"Size","defaultValue":"957","description":"outer width of widget","initOnly":true,"required":false,"readOnly":false,"projectable":true,"owner":"widgets.brease.KeyBoard","hide":false}],"dependencies":{"files":["widgets/brease/Window/Window.js","brease/events/BreaseEvent.js","brease/core/Utils.js","brease/controller/PopUpManager.js"],"widgets":["widgets/brease/KeyBoard/KeyBoard.js","widgets/brease/Window/Window.js"]},"categories":{"Category":["System"]},"descriptions":{"short":"Keyboard zur Eingabe von Text","de":"Keyboard zur Eingabe von Text","en":"Keyboard for the input of text","ASHelp":"The Keyboard widget can not be used in a content directly, but its possible to use styles for it."},"superproperties":{"id":{"type":"WidgetId"},"enable":{"type":"Boolean"},"permissionOperate":{"type":"RoleCollection"},"permissionView":{"type":"RoleCollection"},"style":{"type":"StyleReference"},"visible":{"type":"Boolean"},"zIndex":{"type":"UInteger"},"left":{"type":"Integer"},"top":{"type":"Integer"},"height":{"type":"Size"},"width":{"type":"Size"}},"styleproperties":{"$":{"defaultStyle":"default"},"StyleProperty":[{"$":{"name":"cornerRadius","category":"Appearance","type":"PixelValCollection","default":"0px"},"StyleElement":[{"$":{"attribute":"@include border-radius($value)"}}]},{"$":{"name":"backColor","category":"Appearance","type":"Color","default":"#333333"},"StyleElement":[{"$":{"selector":".keyBoardBody","attribute":"background-color"}}]},{"$":{"name":"headerGradient","category":"Appearance","type":"Gradient","default":"none"},"StyleElement":[{"$":{"selector":".keyBoardHeader","attribute":"background-image"}}]},{"$":{"name":"backGroundGradient","category":"Appearance","type":"Gradient","default":"none"},"StyleElement":[{"$":{"selector":".keyBoardBody","attribute":"background-image"}}]},{"$":{"name":"borderColor","category":"Appearance","type":"ColorCollection","default":"#333333"},"StyleElement":[{"$":{"attribute":"border-color"}},{"$":{"selector":"header","attribute":"background-color"}}]},{"$":{"name":"textColor","category":"Appearance","type":"Color","default":"#000000"},"StyleElement":[{"$":{"selector":".keyBoardButtons button","attribute":"color"}},{"$":{"selector":".keyBoardButtons button sub","attribute":"color"}},{"$":{"selector":".keyBoardButtons button svg","attribute":"fill"}},{"$":{"selector":".keyBoardBody button .icon-shift","attribute":"background-color"}},{"$":{"selector":".keyBoardBody button .icon-shift:after","attribute":"border-bottom-color"}},{"$":{"selector":".keyBoardBody button .icon-delete","attribute":"background-color"}},{"$":{"selector":".keyBoardBody button .icon-delete:after","attribute":"border-right-color"}}]},{"$":{"name":"mouseDownBackColor","category":"Appearance","type":"Color","default":"#FF8800"},"StyleElement":[{"$":{"selector":".keyBoardBody button.active","attribute":"background-color"}},{"$":{"selector":".keyBoardBody button.selected","attribute":"background-color"}},{"$":{"selector":".keyBoardBody button.active .icon-delete","attribute":"color"}},{"$":{"selector":".keyBoardBody button.selected .icon-delete","attribute":"color"}}]},{"$":{"name":"buttonBackColor","category":"Appearance","type":"Color","default":"#FFFFFF"},"StyleElement":[{"$":{"selector":".keyBoardBody button","attribute":"background-color"}},{"$":{"selector":".keyBoardBody button .icon-delete","attribute":"color"}}]},{"$":{"name":"mouseDownTextColor","category":"Appearance","type":"Color","default":"#FFFFFF"},"StyleElement":[{"$":{"selector":".keyBoardBody button.active","attribute":"color"}},{"$":{"selector":".keyBoardBody button.selected","attribute":"color"}},{"$":{"selector":".keyBoardBody button.active sub","attribute":"color"}},{"$":{"selector":".keyBoardBody button.selected sub","attribute":"color"}},{"$":{"selector":".keyBoardBody button.active svg","attribute":"fill"}},{"$":{"selector":".keyBoardBody button.selected svg","attribute":"fill"}},{"$":{"selector":".keyBoardBody button.active .icon-shift","attribute":"background-color"}},{"$":{"selector":".keyBoardBody button.selected .icon-shift","attribute":"background-color"}},{"$":{"selector":".keyBoardBody button.active .icon-shift:after","attribute":"border-bottom-color"}},{"$":{"selector":".keyBoardBody button.selected .icon-shift:after","attribute":"border-bottom-color"}},{"$":{"selector":".keyBoardBody button.active .icon-delete","attribute":"background-color"}},{"$":{"selector":".keyBoardBody button.active .icon-delete:after","attribute":"border-right-color"}},{"$":{"selector":".keyBoardBody button.selected .icon-delete","attribute":"background-color"}},{"$":{"selector":".keyBoardBody button.selected .icon-delete:after","attribute":"border-right-color"}}]},{"$":{"name":"opacity","category":"Appearance","type":"Opacity","default":"1"},"StyleElement":[{"$":{"attribute":"opacity"}}]},{"$":{"name":"fontName","category":"Appearance","type":"FontName","default":"Arial"},"StyleElement":[{"$":{"attribute":"font-family"}},{"$":{"selector":"button","attribute":"font-family"}},{"$":{"selector":"button sub","attribute":"font-family"}},{"$":{"selector":"input","attribute":"font-family"}},{"$":{"selector":"div","attribute":"font-family"}}]},{"$":{"name":"shadow","category":"Appearance","type":"Shadow","default":"none"},"StyleElement":[{"$":{"attribute":"@include box-shadow($value)"}}]},{"$":{"name":"buttonBackGroundGradient","category":"Appearance","type":"Gradient","default":"none"},"StyleElement":[{"$":{"selector":".keyBoardBody button","attribute":"background-image"}}]},{"$":{"name":"buttonMouseDownBackGroundGradient","category":"Appearance","type":"Gradient","default":"none"},"StyleElement":[{"$":{"selector":".keyBoardBody button.active","attribute":"background-image"}},{"$":{"selector":".keyBoardBody button.selected","attribute":"background-image"}}]}]}}