{"name":"widgets.brease.FragmentLoader","type":"widget","meta":{"superClass":"brease.core.BaseWidget","requires":[],"mixins":[],"parents":["*"],"children":[],"inheritance":["widgets.brease.FragmentLoader","brease.core.BaseWidget"],"visible":"false","filePath":"widgets/brease/FragmentLoader/FragmentLoader.js"},"methods":[{"name":"setEnable","originalName":"setEnable","description":"<p>setter for binding of 'enable'</p>\n","iatStudioExposed":false,"parameter":[{"name":"value","type":"Boolean","index":0,"description":"<p>State of 'enable' (false = disabled, true = enabled)</p>\n\n\n\n","optional":false}]},{"name":"setStyle","originalName":"setStyle","description":"\n","iatStudioExposed":false,"parameter":[{"name":"value","type":"StyleReference","index":0,"description":"\n","optional":false}]},{"name":"setVisible","originalName":"setVisible","description":"<p>Sets the visibility of the widget.</p>\n","iatStudioExposed":false,"parameter":[{"name":"value","type":"Boolean","index":0,"description":"<p>State of visibility (false = hide, true = show)</p>\n\n\n\n","optional":false}]}],"events":[],"properties":[{"name":"cachePolicy","type":"brease.enum.CachePolicy","initOnly":true,"localizable":false,"editableBinding":false,"readOnly":false,"required":false,"owner":"widgets.brease.FragmentLoader","projectable":true,"description":"Policy for caching data\n","defaultValue":"noCache"},{"name":"contentId","type":"ContentReference","initOnly":true,"localizable":false,"editableBinding":false,"readOnly":false,"required":false,"owner":"widgets.brease.FragmentLoader","projectable":true,"description":"contentId of content to load\n","defaultValue":""},{"name":"loadPolicy","type":"brease.enum.LoadPolicy","initOnly":true,"localizable":false,"editableBinding":false,"readOnly":false,"required":false,"owner":"widgets.brease.FragmentLoader","projectable":true,"description":"Policy for loading data\n","defaultValue":"onDemand"},{"name":"permissionOperate","type":"RoleCollection","initOnly":true,"localizable":false,"editableBinding":false,"readOnly":false,"required":false,"owner":"brease.core.BaseWidget","projectable":true,"description":"restricts operability to users, which have given roles\n","category":"Accessibility"},{"name":"permissionView","type":"RoleCollection","initOnly":true,"localizable":false,"editableBinding":false,"readOnly":false,"required":false,"owner":"brease.core.BaseWidget","projectable":true,"description":"restricts visibility to users, which have given roles\n","category":"Accessibility"},{"name":"url","type":"String","initOnly":true,"localizable":false,"editableBinding":false,"readOnly":false,"required":false,"owner":"widgets.brease.FragmentLoader","projectable":true,"description":"url of content to load\n","defaultValue":""},{"name":"visible","type":"Boolean","initOnly":false,"localizable":false,"editableBinding":false,"readOnly":false,"required":false,"owner":"brease.core.BaseWidget","projectable":true,"description":"change visibility\n","category":"Behavior","defaultValue":"true"},{"name":"zIndex","type":"UInteger","description":"The zIndex property specifies the z-order of a widget and its childs.<br/>\r\n        When widgets overlap, z-order determines which one covers the other. A widget with a larger zIndex generally covers a widget with a lower one.<br/>\r\n        The zIndex must be unique within a content.<br/>","initOnly":true,"required":true,"readOnly":false,"projectable":true,"owner":"brease.core.BaseWidget","hide":false},{"name":"left","type":"Integer","description":"absolute position measured from left boundary of parent container","initOnly":true,"required":false,"readOnly":false,"projectable":true,"owner":"brease.core.BaseWidget","hide":false},{"name":"top","type":"Integer","description":"absolute position measured from top boundary of parent container","initOnly":true,"required":false,"readOnly":false,"projectable":true,"owner":"brease.core.BaseWidget","hide":false},{"name":"height","type":"Size","defaultValue":"200","description":"outer height of widget","initOnly":true,"required":false,"readOnly":false,"projectable":true,"owner":"widgets.brease.FragmentLoader","hide":false},{"name":"width","type":"Size","defaultValue":"200","description":"outer width of widget","initOnly":true,"required":false,"readOnly":false,"projectable":true,"owner":"widgets.brease.FragmentLoader","hide":false}],"dependencies":{"files":["brease/core/BaseWidget.js","brease/enum/Enum.js","brease/events/BreaseEvent.js","brease/controller/BindingController.js","brease/core/Utils.js"],"widgets":["widgets/brease/FragmentLoader/FragmentLoader.js"]},"categories":{"Category":["System"],"IO":["System"],"Performance":["Low","Medium","High"]},"descriptions":{"short":"Container welcher Contents zur Laufzeit ladet","de":"Container welcher contents zur Laufzeit ladet","en":"Container that loads contents during runtime"},"superproperties":{"id":{"type":"WidgetId"},"enable":{"type":"Boolean"},"permissionOperate":{"type":"RoleCollection"},"permissionView":{"type":"RoleCollection"},"style":{"type":"StyleReference"},"visible":{"type":"Boolean"},"zIndex":{"type":"UInteger"},"left":{"type":"Integer"},"top":{"type":"Integer"},"height":{"type":"Size"},"width":{"type":"Size"}},"styleproperties":{"$":{"defaultStyle":"default"},"StyleProperty":[]}}