{"name":"widgets.brease.DateTimePicker","type":"widget","meta":{"superClass":"widgets.brease.Window","requires":[],"mixins":[],"parents":["*"],"children":[],"inheritance":["widgets.brease.DateTimePicker","widgets.brease.Window","brease.core.BaseWidget"],"visible":"false","filePath":"widgets/brease/DateTimePicker/DateTimePicker.js"},"methods":[{"name":"setEnable","originalName":"setEnable","description":"<p>setter for binding of 'enable'</p>\n","iatStudioExposed":false,"parameter":[{"name":"value","type":"Boolean","index":0,"description":"<p>State of 'enable' (false = disabled, true = enabled)</p>\n\n\n\n","optional":false}]},{"name":"setStyle","originalName":"setStyle","description":"\n","iatStudioExposed":false,"parameter":[{"name":"value","type":"StyleReference","index":0,"description":"\n","optional":false}]},{"name":"setVisible","originalName":"setVisible","description":"<p>Sets the visibility of the widget.</p>\n","iatStudioExposed":false,"parameter":[{"name":"value","type":"Boolean","index":0,"description":"<p>State of visibility (false = hide, true = show)</p>\n\n\n\n","optional":false}]}],"events":[],"properties":[{"name":"enable","type":"Boolean","initOnly":false,"localizable":false,"editableBinding":false,"readOnly":false,"required":false,"owner":"brease.core.BaseWidget","projectable":true,"description":"Initial option to enable widget.\n","category":"Behavior","defaultValue":"true"},{"name":"modal","type":"Boolean","initOnly":true,"localizable":false,"editableBinding":false,"readOnly":false,"required":false,"owner":"brease.objects.WindowConfig","projectable":true,"description":"If true, the window will be modal, in the meaning that no interaction with beneath page is possible. A semi transparent overlay between window and parent application will catch user actions.<br/>\nIt depends on settings 'showCloseButton' and 'forceInteraction' how the user can close the window.\n","defaultValue":"true"},{"name":"permissionOperate","type":"RoleCollection","initOnly":true,"localizable":false,"editableBinding":false,"readOnly":false,"required":false,"owner":"brease.core.BaseWidget","projectable":true,"description":"restricts operability to users, which have given roles\n","category":"Accessibility"},{"name":"permissionView","type":"RoleCollection","initOnly":true,"localizable":false,"editableBinding":false,"readOnly":false,"required":false,"owner":"brease.core.BaseWidget","projectable":true,"description":"restricts visibility to users, which have given roles\n","category":"Accessibility"},{"name":"position","type":"Object","initOnly":true,"localizable":false,"editableBinding":false,"readOnly":false,"required":false,"owner":"brease.objects.WindowConfig","projectable":true,"description":"Horizontal and vertical position of the Window.<br/>\nEither a string (horizontal:left/center/right, vertical:top/middle/bottom) or an integer.<br/>\nExample :\n\n<pre><code>{'horizontal': 'center', 'vertical': 105}\n</code></pre>\n","defaultValue":"{&apos;horizontal&apos;:&apos;center&apos;, &apos;vertical&apos;:&apos;middle&apos;}"},{"name":"style","type":"StyleReference","initOnly":false,"localizable":false,"editableBinding":false,"readOnly":false,"required":false,"owner":"brease.core.BaseWidget","projectable":true,"description":"reference to a style for this widget type\n","category":"Appearance","defaultValue":"default"},{"name":"visible","type":"Boolean","initOnly":false,"localizable":false,"editableBinding":false,"readOnly":false,"required":false,"owner":"brease.core.BaseWidget","projectable":true,"description":"change visibility\n","category":"Behavior","defaultValue":"true"},{"name":"zIndex","type":"UInteger","description":"The zIndex property specifies the z-order of a widget and its childs.<br/>\r\n        When widgets overlap, z-order determines which one covers the other. A widget with a larger zIndex generally covers a widget with a lower one.<br/>\r\n        The zIndex must be unique within a content.<br/>","initOnly":true,"required":true,"readOnly":false,"projectable":true,"owner":"brease.core.BaseWidget","hide":false},{"name":"left","type":"Integer","description":"absolute position measured from left boundary of parent container","initOnly":true,"required":false,"readOnly":false,"projectable":true,"owner":"brease.core.BaseWidget","hide":false},{"name":"top","type":"Integer","description":"absolute position measured from top boundary of parent container","initOnly":true,"required":false,"readOnly":false,"projectable":true,"owner":"brease.core.BaseWidget","hide":false},{"name":"height","type":"Size","defaultValue":"360","description":"outer height of widget","initOnly":true,"required":false,"readOnly":false,"projectable":true,"owner":"widgets.brease.DateTimePicker","hide":false},{"name":"width","type":"Size","defaultValue":"296","description":"outer width of widget","initOnly":true,"required":false,"readOnly":false,"projectable":true,"owner":"widgets.brease.DateTimePicker","hide":false}],"dependencies":{"files":["widgets/brease/Window/Window.js","widgets/brease/DateTimePicker/libs/SliderWheel.js","brease/events/BreaseEvent.js","brease/helper/DateFormatter.js","brease/decorators/CultureDependency.js"],"widgets":["widgets/brease/DateTimePicker/DateTimePicker.js","widgets/brease/Window/Window.js"]},"categories":{"Category":["Controls"],"IO":["Input","Output","System"],"Operation":["Touch","Mouse"],"Appliance":["Text"],"Performance":["Low","Medium","High"]},"descriptions":{"short":"Eingabe Zeit","de":"Ermöglicht dem Benutzer eine Zeit einzugeben","en":"Enables the uster to enter a time value"},"superproperties":{"id":{"type":"WidgetId"},"enable":{"type":"Boolean"},"permissionOperate":{"type":"RoleCollection"},"permissionView":{"type":"RoleCollection"},"style":{"type":"StyleReference"},"visible":{"type":"Boolean"},"zIndex":{"type":"UInteger"},"left":{"type":"Integer"},"top":{"type":"Integer"},"height":{"type":"Size"},"width":{"type":"Size"}},"styleproperties":{"$":{"defaultStyle":"default"},"StyleProperty":[{"$":{"name":"cornerRadius","category":"Appearance","type":"PixelValCollection","default":"0px"},"StyleElement":[{"$":{"attribute":"@include border-radius($value)"}},{"$":{"selector":"header","attribute":"@include border-top-radius($value)"}},{"$":{"selector":".dateTimePickerBody .dateTimePickerControl","attribute":"@include border-bottom-radius($value-9px)"}},{"$":{"selector":".dateTimePickerBody .dateTimePickerControl .dateTimePickerEnter","attribute":"@include border-bottom-right-radius($value-9px)"}},{"$":{"selector":".dateTimePickerBody .dateTimePickerControl .dateTimePickerReset","attribute":"@include border-bottom-left-radius($value-9px)"}}],"Description":["corner radius of the edge of DateTimePicker"]},{"$":{"name":"headerGradient","category":"Appearance","type":"Gradient","default":"none"},"StyleElement":[{"$":{"selector":"header","attribute":"background-image"}}],"Description":["color gradient of header"]},{"$":{"name":"borderColor","category":"Appearance","type":"ColorCollection","default":"#333333"},"StyleElement":[{"$":{"attribute":"border-color"}},{"$":{"selector":"header","attribute":"background-color"}},{"$":{"selector":"&.arrowLeft .breaseWindowArrow","attribute":"border-right-color"}},{"$":{"selector":"&.arrowRight .breaseWindowArrow","attribute":"border-left-color"}},{"$":{"selector":"&.arrowTop .breaseWindowArrow","attribute":"border-bottom-color"}},{"$":{"selector":"&.arrowBottom .breaseWindowArrow","attribute":"border-top-color"}}],"Description":["border color of DateTimePicker including header and arrow"]},{"$":{"name":"textColor","category":"Appearance","type":"Color","default":"#000000"},"StyleElement":[{"$":{"selector":".dateTimePickerBody .dateTimePickerHeadings .actDate","attribute":"color"}},{"$":{"selector":".dateTimePickerBody button","attribute":"color"}}],"Description":["text color for whole DateTimePicker"]},{"$":{"name":"opacity","category":"Appearance","type":"Opacity","default":"1"},"StyleElement":[{"$":{"attribute":"opacity"}}],"Description":["opacity of whole DateTimePicker"]},{"$":{"name":"fontName","category":"Appearance","type":"FontName","default":"Arial"},"StyleElement":[{"$":{"selector":".dateTimePickerBody .dateTimePickerHeadings .actDate","attribute":"font-family"}},{"$":{"selector":".dateTimePickerBody button","attribute":"font-family"}}],"Description":["font name for whole DateTimePicker"]},{"$":{"name":"shadow","category":"Appearance","type":"Shadow","default":"none"},"StyleElement":[{"$":{"attribute":"@include box-shadow($value)"}}],"Description":["shadow of whole DateTimePicker"]},{"$":{"name":"backColor","category":"Appearance","type":"Color","default":"#333333"},"StyleElement":[{"$":{"selector":".dateTimePickerBody","attribute":"background-color"}}],"Description":["background color of DateTimePicker except the header"]},{"$":{"name":"backGroundGradient","category":"Appearance","type":"Gradient","default":"none"},"StyleElement":[{"$":{"selector":".dateTimePickerBody","attribute":"background-image"}}],"Description":["background gradient of DateTimePicker except the header"]},{"$":{"name":"mouseDownBackColor","category":"Appearance","type":"Color","default":"#FF8800"},"StyleElement":[{"$":{"selector":".dateTimePickerBody .dateTimePickerControl .dateTimePickerEnter.active","attribute":"background-color"}},{"$":{"selector":".dateTimePickerBody .dateTimePickerControl .dateTimePickerReset.active","attribute":"background-color"}}],"Description":["background color of enter and reset button in pressed state"]},{"$":{"name":"mouseDownTextColor","category":"Appearance","type":"Color","default":"#FFFFFF"},"StyleElement":[{"$":{"selector":".dateTimePickerBody .dateTimePickerControl .dateTimePickerEnter.active","attribute":"color"}},{"$":{"selector":".dateTimePickerBody .dateTimePickerControl .dateTimePickerReset.active","attribute":"color"}}],"Description":["text color of enter and reset button in pressed state"]},{"$":{"name":"buttonBackGroundGradient","category":"Appearance","type":"Gradient","default":"none"},"StyleElement":[{"$":{"selector":".dateTimePickerBody .dateTimePickerControl .dateTimePickerEnter","attribute":"background-image"}},{"$":{"selector":".dateTimePickerBody .dateTimePickerControl .dateTimePickerReset","attribute":"background-image"}}],"Description":["background gradient of enter and reset button"]},{"$":{"name":"buttonMouseDownBackGroundGradient","category":"Appearance","type":"Gradient","default":"none"},"StyleElement":[{"$":{"selector":".dateTimePickerBody .dateTimePickerControl .dateTimePickerEnter.active","attribute":"background-image"}},{"$":{"selector":".dateTimePickerBody .dateTimePickerControl .dateTimePickerReset.active","attribute":"background-image"}}],"Description":["background gradient of enter and reset button in mousedown state"]},{"$":{"name":"lineColor","category":"Appearance","type":"Color","default":"#d4d4d4"},"StyleElement":[{"$":{"selector":".dateTimePickerBody .dateTimePickerButtons button","attribute":"border-bottom-color"}}],"Description":["color of separating lines between wheel values"]},{"$":{"name":"activeLineColor","category":"Appearance","type":"Color","default":"#FF8800"},"StyleElement":[{"$":{"selector":".dateTimePickerBody .dateTimePickerButtons .marker","attribute":"background-color"}}],"Description":["color of separating lines above and below selected wheel values"]}]}}