{"name":"widgets.brease.BarChartItem","type":"widget","meta":{"superClass":"brease.core.BaseWidget","requires":[],"mixins":[],"parents":["widgets.brease.BarChart"],"children":[],"inheritance":["widgets.brease.BarChartItem","brease.core.BaseWidget"],"filePath":"widgets/brease/BarChartItem/BarChartItem.js"},"methods":[{"name":"SetEnable","originalName":"setEnable","description":"<p>setter for binding of 'enable'</p>\n","iatStudioExposed":true,"parameter":[{"name":"value","type":"Boolean","index":0,"description":"<p>State of 'enable' (false = disabled, true = enabled)</p>\n\n\n\n","optional":false}]},{"name":"setMaxValue","originalName":"setMaxValue","description":"<p>Sets maxValue</p>\n","iatStudioExposed":false,"parameter":[{"name":"value","type":"Number","index":0,"description":"\n","optional":false}]},{"name":"setMinValue","originalName":"setMinValue","description":"<p>Sets minValue</p>\n","iatStudioExposed":false,"parameter":[{"name":"value","type":"Number","index":0,"description":"\n","optional":false}]},{"name":"setNode","originalName":"setNode","description":"<p>sets the node</p>\n","iatStudioExposed":false,"parameter":[{"name":"node","type":"brease.datatype.Node","index":0,"description":"\n","optional":false}]},{"name":"SetStyle","originalName":"setStyle","description":"\n","iatStudioExposed":true,"parameter":[{"name":"value","type":"StyleReference","index":0,"description":"\n","optional":false}]},{"name":"setText","originalName":"setText","description":"<p>Sets text</p>\n","iatStudioExposed":false,"parameter":[{"name":"text","type":"String","index":0,"description":"\n","optional":false}]},{"name":"SetValue","originalName":"setValue","description":"<p>Sets the value for the Bar</p>\n","iatStudioExposed":true,"parameter":[{"name":"value","type":"Number","index":0,"description":"\n","optional":false}]},{"name":"SetVisible","originalName":"setVisible","description":"<p>Sets the visibility of the widget.</p>\n","iatStudioExposed":true,"parameter":[{"name":"value","type":"Boolean","index":0,"description":"<p>State of visibility (false = hide, true = show)</p>\n\n\n\n","optional":false}]}],"events":[{"name":"Click","description":"<p>Fired when element is clicked on.</p>\n","parameter":[{"name":"origin","type":"String","index":0,"description":"<p>id of widget that triggered this event</p>\n\n\n\n","optional":false}]},{"name":"EnableChanged","description":"\n","parameter":[{"name":"value","type":"Boolean","index":0,"description":"<p>value reflects state of property 'enable'.<br/>\nFired when enabled state changes.</p>\n\n\n\n","optional":false}]},{"name":"VisibleChanged","description":"\n","parameter":[{"name":"value","type":"Boolean","index":0,"description":"<p>value reflects state of property 'visible'.<br/>\nFired when visible state changes.</p>\n\n\n\n","optional":false}]}],"properties":[{"name":"enable","type":"Boolean","initOnly":false,"localizable":false,"editableBinding":false,"readOnly":false,"required":false,"owner":"brease.core.BaseWidget","projectable":true,"description":"Initial option to enable widget.\n","category":"Behavior","defaultValue":"true"},{"name":"maxValue","type":"Number","initOnly":true,"localizable":false,"editableBinding":false,"readOnly":false,"required":false,"owner":"widgets.brease.BarChartItem","projectable":true,"description":"Maximum value, used to define the limits of the Chart.\n","category":"Behavior","defaultValue":"100"},{"name":"minValue","type":"Number","initOnly":true,"localizable":false,"editableBinding":false,"readOnly":false,"required":false,"owner":"widgets.brease.BarChartItem","projectable":true,"description":"Minimun value, used to define the limits of the Chart.\n","category":"Behavior","defaultValue":"0"},{"name":"node","type":"brease.datatype.Node","initOnly":false,"localizable":false,"editableBinding":false,"readOnly":false,"required":false,"owner":"widgets.brease.BarChartItem","projectable":true,"description":"Value with unit for the bar.\n","category":"Data","defaultValue":""},{"name":"permissionOperate","type":"RoleCollection","initOnly":true,"localizable":false,"editableBinding":false,"readOnly":false,"required":false,"owner":"brease.core.BaseWidget","projectable":true,"description":"restricts operability to users, which have given roles\n","category":"Accessibility"},{"name":"permissionView","type":"RoleCollection","initOnly":true,"localizable":false,"editableBinding":false,"readOnly":false,"required":false,"owner":"brease.core.BaseWidget","projectable":true,"description":"restricts visibility to users, which have given roles\n","category":"Accessibility"},{"name":"style","type":"StyleReference","initOnly":false,"localizable":false,"editableBinding":false,"readOnly":false,"required":false,"owner":"brease.core.BaseWidget","projectable":true,"description":"reference to a style for this widget type\n","category":"Appearance","defaultValue":"default"},{"name":"text","type":"String","initOnly":true,"localizable":true,"editableBinding":false,"readOnly":false,"required":true,"owner":"widgets.brease.BarChartItem","projectable":true,"description":"Display text on the cardinal axis for the Bar.\n","category":"Appearance"},{"name":"value","type":"Number","initOnly":false,"localizable":false,"editableBinding":false,"readOnly":false,"required":false,"owner":"widgets.brease.BarChartItem","projectable":true,"description":"Value for the bar. The configured default value will be used if the property is not bound.\n","nodeRefId":["node"],"category":"Data","defaultValue":"50"},{"name":"visible","type":"Boolean","initOnly":false,"localizable":false,"editableBinding":false,"readOnly":false,"required":false,"owner":"brease.core.BaseWidget","projectable":true,"description":"change visibility\n","category":"Behavior","defaultValue":"true"},{"name":"zIndex","type":"UInteger","description":"The zIndex property specifies the z-order of a widget and its childs.<br/>\r\n        When widgets overlap, z-order determines which one covers the other. A widget with a larger zIndex generally covers a widget with a lower one.<br/>\r\n        The zIndex must be unique within a content.<br/>","initOnly":true,"required":true,"readOnly":false,"projectable":true,"owner":"brease.core.BaseWidget","hide":false}],"dependencies":{"files":["brease/core/BaseWidget.js","brease/events/BreaseEvent.js","brease/datatype/Node.js","brease/core/Utils.js","brease/decorators/LanguageDependency.js","brease/decorators/MeasurementSystemDependency.js"],"widgets":["widgets/brease/BarChartItem/BarChartItem.js"]},"categories":{"Category":["Chart","Container"]},"descriptions":{"short":"BarChartItem zur Datenanbindung","de":"Widget zur Datenanbindung für BarChart\nJedes BarChartItem representiert eine Säule","en":"Widget used for data connection to BarChart \nEach BarChartItem represents a bar"},"superproperties":{"id":{"type":"WidgetId"},"enable":{"type":"Boolean"},"permissionOperate":{"type":"RoleCollection"},"permissionView":{"type":"RoleCollection"},"style":{"type":"StyleReference"},"visible":{"type":"Boolean"},"zIndex":{"type":"UInteger"},"left":{"type":"Integer"},"top":{"type":"Integer"},"height":{"type":"Size"},"width":{"type":"Size"}},"styleproperties":{"$":{"defaultStyle":"default"},"StyleProperty":[{"$":{"name":"borderWidth","type":"PixelValCollection","category":"Appearance","default":"2px"},"StyleElement":[{"$":{"selector":"rect.bar","attribute":"@include SVGFactorBorder($value, 2)"}}],"Description":["Sets the width of the border. For further information, please check its type"]},{"$":{"name":"borderColor","type":"ColorCollection","category":"Appearance","default":"#000000"},"StyleElement":[{"$":{"selector":"rect.bar","attribute":"stroke"}}],"Description":["Sets the color of the border. For further information, please check its type"]},{"$":{"name":"backColor","type":"Color","category":"Appearance","default":"#FF8800"},"StyleElement":[{"$":{"selector":"rect.bar","attribute":"fill"}}],"Description":["Sets the color of the background. For further information, please check its type"]},{"$":{"name":"textColor","type":"Color","category":"Appearance","default":"#000000"},"StyleElement":[{"$":{"selector":"text","attribute":"fill"}}],"Description":["Sets the height of the displayed value"]},{"$":{"name":"fontSize","type":"PixelVal","category":"Font","default":"12px"},"StyleElement":[{"$":{"selector":"text","attribute":"font-size"}}],"Description":["Sets the height of the displayed value"]},{"$":{"name":"fontName","type":"FontName","category":"Font","default":"Arial"},"StyleElement":[{"$":{"selector":"text","attribute":"font-family"}}],"Description":["Sets the font name of the displayed value"]},{"$":{"name":"bold","type":"Boolean","category":"Font","default":"false"},"StyleElement":[{"$":{"selector":"text","attribute":"@include font-weight-bold($value)"}}],"Description":["Sets the bold property of the displayed value"]},{"$":{"name":"italic","type":"Boolean","category":"Font","default":"false"},"StyleElement":[{"$":{"selector":"text","attribute":"@include font-style-italic($value)"}}],"Description":["Sets the italic property of the displayed value"]},{"$":{"name":"opacity","type":"Opacity","category":"Appearance","default":"1"},"StyleElement":[{"$":{"attribute":"opacity"}}],"Description":["Opacity of the widget"]}]}}