{"name":"widgets.brease.MessageBox","type":"widget","meta":{"superClass":"widgets.brease.Window","requires":[],"mixins":[],"parents":["*"],"children":[],"inheritance":["widgets.brease.MessageBox","widgets.brease.Window","brease.core.BaseWidget"],"visible":"false","filePath":"widgets/brease/MessageBox/MessageBox.js"},"methods":[{"name":"setContent","originalName":"setContent","description":"<p>sets Content</p>\n","iatStudioExposed":false},{"name":"setEnable","originalName":"setEnable","description":"<p>setter for binding of 'enable'</p>\n","iatStudioExposed":false,"parameter":[{"name":"value","type":"Boolean","index":0,"description":"<p>State of 'enable' (false = disabled, true = enabled)</p>\n\n\n\n","optional":false}]},{"name":"setIcon","originalName":"setIcon","description":"<p>sets the configured icon</p>\n","iatStudioExposed":false},{"name":"setStyle","originalName":"setStyle","description":"\n","iatStudioExposed":false,"parameter":[{"name":"value","type":"StyleReference","index":0,"description":"\n","optional":false}]},{"name":"setVisible","originalName":"setVisible","description":"<p>Sets the visibility of the widget.</p>\n","iatStudioExposed":false,"parameter":[{"name":"value","type":"Boolean","index":0,"description":"<p>State of visibility (false = hide, true = show)</p>\n\n\n\n","optional":false}]}],"events":[],"properties":[{"name":"enable","type":"Boolean","initOnly":false,"localizable":false,"editableBinding":false,"readOnly":false,"required":false,"owner":"brease.core.BaseWidget","projectable":true,"description":"Initial option to enable widget.\n","category":"Behavior","defaultValue":"true"},{"name":"permissionOperate","type":"RoleCollection","initOnly":true,"localizable":false,"editableBinding":false,"readOnly":false,"required":false,"owner":"brease.core.BaseWidget","projectable":true,"description":"restricts operability to users, which have given roles\n","category":"Accessibility"},{"name":"permissionView","type":"RoleCollection","initOnly":true,"localizable":false,"editableBinding":false,"readOnly":false,"required":false,"owner":"brease.core.BaseWidget","projectable":true,"description":"restricts visibility to users, which have given roles\n","category":"Accessibility"},{"name":"position","type":"Object","initOnly":true,"localizable":false,"editableBinding":false,"readOnly":false,"required":false,"owner":"brease.objects.WindowConfig","projectable":true,"description":"Horizontal and vertical position of the Window.<br/>\nEither a string (horizontal:left/center/right, vertical:top/middle/bottom) or an integer.<br/>\nExample :\n\n<pre><code>{'horizontal': 'center', 'vertical': 105}\n</code></pre>\n","defaultValue":"{&apos;horizontal&apos;:&apos;center&apos;, &apos;vertical&apos;:&apos;middle&apos;}"},{"name":"style","type":"StyleReference","initOnly":false,"localizable":false,"editableBinding":false,"readOnly":false,"required":false,"owner":"brease.core.BaseWidget","projectable":true,"description":"reference to a style for this widget type\n","category":"Appearance","defaultValue":"default"},{"name":"visible","type":"Boolean","initOnly":false,"localizable":false,"editableBinding":false,"readOnly":false,"required":false,"owner":"brease.core.BaseWidget","projectable":true,"description":"change visibility\n","category":"Behavior","defaultValue":"true"},{"name":"zIndex","type":"UInteger","description":"The zIndex property specifies the z-order of a widget and its childs.<br/>\r\n        When widgets overlap, z-order determines which one covers the other. A widget with a larger zIndex generally covers a widget with a lower one.<br/>\r\n        The zIndex must be unique within a content.<br/>","initOnly":true,"required":true,"readOnly":false,"projectable":true,"owner":"brease.core.BaseWidget","hide":false},{"name":"left","type":"Integer","description":"absolute position measured from left boundary of parent container","initOnly":true,"required":false,"readOnly":false,"projectable":true,"owner":"brease.core.BaseWidget","hide":false},{"name":"top","type":"Integer","description":"absolute position measured from top boundary of parent container","initOnly":true,"required":false,"readOnly":false,"projectable":true,"owner":"brease.core.BaseWidget","hide":false},{"name":"height","type":"Size","defaultValue":"156","description":"outer height of widget","initOnly":true,"required":false,"readOnly":false,"projectable":true,"owner":"widgets.brease.MessageBox","hide":false},{"name":"width","type":"Size","defaultValue":"500","description":"outer width of widget","initOnly":true,"required":false,"readOnly":false,"projectable":true,"owner":"widgets.brease.MessageBox","hide":false}],"dependencies":{"files":["widgets/brease/Window/Window.js","widgets/brease/MessageBox/libs/ButtonManager.js","brease/events/BreaseEvent.js","brease/enum/Enum.js","brease/core/Utils.js","brease/controller/PopUpManager.js"],"widgets":["widgets/brease/MessageBox/MessageBox.js","widgets/brease/Window/Window.js"]},"categories":{"Category":["System"]},"descriptions":{},"superproperties":{"id":{"type":"WidgetId"},"enable":{"type":"Boolean"},"permissionOperate":{"type":"RoleCollection"},"permissionView":{"type":"RoleCollection"},"style":{"type":"StyleReference"},"visible":{"type":"Boolean"},"zIndex":{"type":"UInteger"},"left":{"type":"Integer"},"top":{"type":"Integer"},"height":{"type":"Size"},"width":{"type":"Size"}},"styleproperties":{"$":{"defaultStyle":"default"},"StyleProperty":[{"$":{"name":"borderWidth","type":"PixelValCollection","default":"5px"},"StyleElement":[{"$":{"selector":".breaseMessageBoxContentBox","attribute":"border-width"}}],"Description":["usage (Syntax like CSS):\r\n        - single Value for all directions e.g. 2px\r\n        - seperate Value for each direction e.g. 1px 2px 3px 4px"]},{"$":{"name":"cornerRadius","type":"PixelValCollection","default":"0px"},"StyleElement":[{"$":{"selector":".breaseMessageBoxHeader","attribute":"border-radius"}},{"$":{"selector":".messageBoxFooter","attribute":"border-radius"}}],"Description":["usage (Syntax like CSS):\r\n        - single Value for all directions e.g. 2px\r\n        - seperate Value for each direction e.g. 1px 2px 3px 4px"]},{"$":{"name":"backColor","type":"Color","default":"#333"},"StyleElement":[{"$":{"selector":".breaseMessageBoxHeader","attribute":"background-color"}},{"$":{"selector":".messageBoxFooter","attribute":"background-color"}}],"Description":["usage (Syntax like CSS):\r\n        - HEX Color code: #FFFFFF\r\n        - rgba Component syntax: rgba(100,100,100,255)\r\n        - transparent"]},{"$":{"name":"headerGradient","category":"Appearance","type":"Gradient","default":"none"},"StyleElement":[{"$":{"selector":".breaseMessageBoxHeader","attribute":"background-image"}}],"Description":["Background as a gradient\r\n        for further information see CSS Gradients"]},{"$":{"name":"borderColor","type":"ColorCollection","default":"#333333"},"StyleElement":[{"$":{"selector":".breaseMessageBoxContentBox","attribute":"border-color"}}],"Description":["usage (Syntax like CSS):\r\n        - single Value for all directions e.g. #FFF\r\n        - seperate Value for each direction e.g. #FFF #333 #FFF #333"]},{"$":{"name":"borderStyle","type":"BorderStyle","default":"solid"},"StyleElement":[{"$":{"selector":".breaseMessageBoxContentBox","attribute":"border-style"}}],"Description":["Style of the Border of the widget\r\n        Possible Values: solid, dotted, none"]},{"$":{"name":"headerBorderWidth","type":"PixelValCollection","default":"0px"},"StyleElement":[{"$":{"selector":".breaseMessageBoxHeader","attribute":"border-width"}}],"Description":["usage (Syntax like CSS):\r\n        - single Value for all directions e.g. 2px\r\n        - seperate Value for each direction e.g. 1px 2px 3px 4px"]},{"$":{"name":"headerBorderColor","type":"ColorCollection","default":"#333"},"StyleElement":[{"$":{"selector":".breaseMessageBoxHeader","attribute":"border-color"}}],"Description":["usage (Syntax like CSS):\r\n        - single Value for all directions e.g. #FFF\r\n        - seperate Value for each direction e.g. #FFF #333 #FFF #333"]},{"$":{"name":"headerBorderStyle","type":"BorderStyle","default":"none"},"StyleElement":[{"$":{"selector":".breaseMessageBoxHeader","attribute":"border-style"}}],"Description":["Style of the Border of the widget\r\n        Possible Values: solid, dotted, none"]},{"$":{"name":"textColor","type":"Color","default":"#FFF"},"StyleElement":[{"$":{"selector":".breaseMessageBoxHeader div","attribute":"color"}}],"Description":["usage (Syntax like CSS):\r\n        - HEX Color code: #FFFFFF\r\n        - rgba Component syntax: rgba(100,100,100,255)"]},{"$":{"name":"fontName","type":"FontName","default":"Arial"},"StyleElement":[{"$":{"selector":".breaseMessageBoxHeader div","attribute":"font-family"}}],"Description":["Fontname of the text."]},{"$":{"name":"fontSize","type":"PixelVal","default":"12px"},"StyleElement":[{"$":{"selector":".breaseMessageBoxHeader div","attribute":"font-size"}}],"Description":["Fontsize of the text in pixel. e.g 24px"]},{"$":{"name":"bold","type":"Boolean","default":"true"},"StyleElement":[{"$":{"selector":".breaseMessageBoxHeader div","attribute":"@include font-weight-bold($value)"}}],"Description":["If **true** font style is bold"]},{"$":{"name":"italic","type":"Boolean","default":"false"},"StyleElement":[{"$":{"selector":".breaseMessageBoxHeader div","attribute":"@include font-style-italic($value)"}}],"Description":["If **true** font style is italic"]},{"$":{"name":"textAlign","category":"Appearance","type":"brease.enum.TextAlign","default":"center"},"StyleElement":[{"$":{"selector":".breaseMessageBoxHeader div","attribute":"@include text-alignment($value)"}}],"Description":["Alignment of the text:\r\n        - left\r\n        - center\r\n        - right"]},{"$":{"name":"opacity","type":"Opacity","default":"1"},"StyleElement":[{"$":{"attribute":"opacity"}}],"Description":["Opacity of the widget\r\n        0 = 0% invisible\r\n        1 = 100%"]},{"$":{"name":"shadow","type":"Shadow","default":"none"},"StyleElement":[{"$":{"attribute":"@include box-shadow($value)"}}],"Description":["Shadow of the Widget\r\n        usage (Syntax like CSS):\r\n        - h-shadow v-shadow [blur] [spread] color e.g. 10px 10px 5px #888888"]},{"$":{"name":"padding","type":"Padding","default":"0px"},"StyleElement":[{"$":{"selector":".breaseMessageBoxContentBox","attribute":"padding"}}],"Description":["Padding of the Widget\r\n        usage (Syntax like CSS):\r\n        - single Value for all directions e.g. 2px\r\n        - seperate Value for each direction e.g. 1px 2px 3px 4px"]},{"$":{"name":"margin","category":"Layout","type":"Margin","default":"0px"},"StyleElement":[{"$":{"attribute":"margin"}}],"Description":["Margin of the Widget\r\n        usage (Syntax like CSS):\r\n        - single Value for all directions e.g. 2px\r\n        - seperate Value for each direction e.g. 1px 2px 3px 4px"]},{"$":{"name":"iconError","type":"ImagePath","default":""},"StyleElement":[{"$":{"selector":".icon.error","attribute":"background-image: url('../$value') !important"}}],"Description":["Icon for type Error"]},{"$":{"name":"iconAsterisk","type":"ImagePath","default":""},"StyleElement":[{"$":{"selector":".icon.asterisk","attribute":"background-image: url('../$value') !important"}}],"Description":["Icon for type Asterisk"]},{"$":{"name":"iconExclamation","type":"ImagePath","default":""},"StyleElement":[{"$":{"selector":".icon.exclamation","attribute":"background-image: url('../$value') !important"}}],"Description":["Icon for type Exclamation"]},{"$":{"name":"iconHand","type":"ImagePath","default":""},"StyleElement":[{"$":{"selector":".icon.hand","attribute":"background-image: url('../$value') !important"}}],"Description":["Icon for type Hand"]},{"$":{"name":"iconInformation","type":"ImagePath","default":""},"StyleElement":[{"$":{"selector":".icon.information","attribute":"background-image: url('../$value') !important"}}],"Description":["Icon for type Information"]},{"$":{"name":"iconQuestion","type":"ImagePath","default":""},"StyleElement":[{"$":{"selector":".icon.question","attribute":"background-image: url('../$value') !important"}}],"Description":["Icon for type Question"]},{"$":{"name":"iconStop","type":"ImagePath","default":""},"StyleElement":[{"$":{"selector":".icon.stop","attribute":"background-image: url('../$value') !important"}}],"Description":["Icon for type Stop"]},{"$":{"name":"iconWarning","type":"ImagePath","default":""},"StyleElement":[{"$":{"selector":".icon.warning","attribute":"background-image: url('../$value') !important"}}],"Description":["Icon for type Warning"]}]}}