{"name":"system.widgets.ContentLoader","type":"widget","meta":{"superClass":"brease.core.BaseWidget","requires":[],"mixins":[],"parents":["*"],"children":[],"inheritance":["system.widgets.ContentLoader","brease.core.BaseWidget"],"visible":"false","filePath":"widgets/ContentLoader/ContentLoader.js"},"methods":[{"name":"SetEnable","originalName":"setEnable","description":"<p>setter for binding of 'enable'</p>\n","iatStudioExposed":true,"parameter":[{"name":"value","type":"Boolean","index":0,"description":"<p>State of 'enable' (false = disabled, true = enabled)</p>\n\n\n\n","optional":false}]},{"name":"SetStyle","originalName":"setStyle","description":"\n","iatStudioExposed":true,"parameter":[{"name":"value","type":"StyleReference","index":0,"description":"\n","optional":false}]},{"name":"SetVisible","originalName":"setVisible","description":"<p>Sets the visibility of the widget.</p>\n","iatStudioExposed":true,"parameter":[{"name":"value","type":"Boolean","index":0,"description":"<p>State of visibility (false = hide, true = show)</p>\n\n\n\n","optional":false}]}],"events":[{"name":"Click","description":"<p>Fired when element is clicked on.</p>\n","parameter":[{"name":"origin","type":"String","index":0,"description":"<p>id of widget that triggered this event</p>\n\n\n\n","optional":false}]},{"name":"EnableChanged","description":"\n","parameter":[{"name":"value","type":"Boolean","index":0,"description":"<p>value reflects state of property 'enable'.<br/>\nFired when enabled state changes.</p>\n\n\n\n","optional":false}]},{"name":"VisibleChanged","description":"\n","parameter":[{"name":"value","type":"Boolean","index":0,"description":"<p>value reflects state of property 'visible'.<br/>\nFired when visible state changes.</p>\n\n\n\n","optional":false}]}],"properties":[{"name":"enable","type":"Boolean","initOnly":false,"localizable":false,"editableBinding":false,"readOnly":false,"required":false,"owner":"brease.core.BaseWidget","projectable":true,"description":"Initial option to enable widget.\n","category":"Behavior","defaultValue":"true"},{"name":"permissionOperate","type":"RoleCollection","initOnly":true,"localizable":false,"editableBinding":false,"readOnly":false,"required":false,"owner":"brease.core.BaseWidget","projectable":true,"description":"restricts operability to users, which have given roles\n","category":"Accessibility"},{"name":"permissionView","type":"RoleCollection","initOnly":true,"localizable":false,"editableBinding":false,"readOnly":false,"required":false,"owner":"brease.core.BaseWidget","projectable":true,"description":"restricts visibility to users, which have given roles\n","category":"Accessibility"},{"name":"style","type":"StyleReference","initOnly":false,"localizable":false,"editableBinding":false,"readOnly":false,"required":false,"owner":"brease.core.BaseWidget","projectable":true,"description":"reference to a style for this widget type\n","category":"Appearance","defaultValue":"default"},{"name":"visible","type":"Boolean","initOnly":false,"localizable":false,"editableBinding":false,"readOnly":false,"required":false,"owner":"brease.core.BaseWidget","projectable":true,"description":"change visibility\n","category":"Behavior","defaultValue":"true"},{"name":"zIndex","type":"UInteger","description":"The zIndex property specifies the z-order of a widget and its childs.<br/>\r\n        When widgets overlap, z-order determines which one covers the other. A widget with a larger zIndex generally covers a widget with a lower one.<br/>\r\n        The zIndex must be unique within a content.<br/>","initOnly":true,"required":true,"readOnly":false,"projectable":true,"owner":"brease.core.BaseWidget","hide":false},{"name":"left","type":"Integer","description":"absolute position measured from left boundary of parent container","initOnly":true,"required":false,"readOnly":false,"projectable":true,"owner":"brease.core.BaseWidget","hide":false},{"name":"top","type":"Integer","description":"absolute position measured from top boundary of parent container","initOnly":true,"required":false,"readOnly":false,"projectable":true,"owner":"brease.core.BaseWidget","hide":false},{"name":"height","type":"Size","defaultValue":"600","description":"outer height of widget","initOnly":true,"required":false,"readOnly":false,"projectable":true,"owner":"system.widgets.ContentLoader","hide":false},{"name":"width","type":"Size","defaultValue":"800","description":"outer width of widget","initOnly":true,"required":false,"readOnly":false,"projectable":true,"owner":"system.widgets.ContentLoader","hide":false}],"dependencies":{"files":[],"widgets":[]},"categories":{"Category":["System"]},"descriptions":{},"superproperties":{"id":{"type":"WidgetId"},"enable":{"type":"Boolean"},"permissionOperate":{"type":"RoleCollection"},"permissionView":{"type":"RoleCollection"},"style":{"type":"StyleReference"},"visible":{"type":"Boolean"},"zIndex":{"type":"UInteger"},"left":{"type":"Integer"},"top":{"type":"Integer"},"height":{"type":"Size"},"width":{"type":"Size"}},"styleproperties":{"$":{"defaultStyle":"default"},"StyleProperty":[]}}