{"name":"widgets.brease.Window","type":"widget","meta":{"superClass":"brease.core.BaseWidget","requires":[],"mixins":["brease.objects.WindowConfig"],"parents":["*"],"children":[],"inheritance":["widgets.brease.Window","brease.core.BaseWidget"],"visible":"false","filePath":"widgets/brease/Window/Window.js"},"methods":[{"name":"setEnable","originalName":"setEnable","description":"<p>setter for binding of 'enable'</p>\n","iatStudioExposed":false,"parameter":[{"name":"value","type":"Boolean","index":0,"description":"<p>State of 'enable' (false = disabled, true = enabled)</p>\n\n\n\n","optional":false}]},{"name":"setStyle","originalName":"setStyle","description":"\n","iatStudioExposed":false,"parameter":[{"name":"value","type":"StyleReference","index":0,"description":"\n","optional":false}]},{"name":"setVisible","originalName":"setVisible","description":"<p>Sets the visibility of the widget.</p>\n","iatStudioExposed":false,"parameter":[{"name":"value","type":"Boolean","index":0,"description":"<p>State of visibility (false = hide, true = show)</p>\n\n\n\n","optional":false}]}],"events":[],"properties":[{"name":"enable","type":"Boolean","initOnly":false,"localizable":false,"editableBinding":false,"readOnly":false,"required":false,"owner":"brease.core.BaseWidget","projectable":true,"description":"Initial option to enable widget.\n","category":"Behavior","defaultValue":"true"},{"name":"modal","type":"Boolean","initOnly":true,"localizable":false,"editableBinding":false,"readOnly":false,"required":false,"owner":"brease.objects.WindowConfig","projectable":true,"description":"If true, the window will be modal, in the meaning that no interaction with beneath page is possible. A semi transparent overlay between window and parent application will catch user actions.<br/>\nIt depends on settings 'showCloseButton' and 'forceInteraction' how the user can close the window.\n","defaultValue":"true"},{"name":"permissionOperate","type":"RoleCollection","initOnly":true,"localizable":false,"editableBinding":false,"readOnly":false,"required":false,"owner":"brease.core.BaseWidget","projectable":true,"description":"restricts operability to users, which have given roles\n","category":"Accessibility"},{"name":"permissionView","type":"RoleCollection","initOnly":true,"localizable":false,"editableBinding":false,"readOnly":false,"required":false,"owner":"brease.core.BaseWidget","projectable":true,"description":"restricts visibility to users, which have given roles\n","category":"Accessibility"},{"name":"position","type":"Object","initOnly":true,"localizable":false,"editableBinding":false,"readOnly":false,"required":false,"owner":"brease.objects.WindowConfig","projectable":true,"description":"Horizontal and vertical position of the Window.<br/>\nEither a string (horizontal:left/center/right, vertical:top/middle/bottom) or an integer.<br/>\nExample :\n\n<pre><code>{'horizontal': 'center', 'vertical': 105}\n</code></pre>\n","defaultValue":"{&apos;horizontal&apos;:&apos;center&apos;, &apos;vertical&apos;:&apos;middle&apos;}"},{"name":"style","type":"StyleReference","initOnly":false,"localizable":false,"editableBinding":false,"readOnly":false,"required":false,"owner":"brease.core.BaseWidget","projectable":true,"description":"reference to a style for this widget type\n","category":"Appearance","defaultValue":"default"},{"name":"visible","type":"Boolean","initOnly":false,"localizable":false,"editableBinding":false,"readOnly":false,"required":false,"owner":"brease.core.BaseWidget","projectable":true,"description":"change visibility\n","category":"Behavior","defaultValue":"true"},{"name":"zIndex","type":"UInteger","description":"The zIndex property specifies the z-order of a widget and its childs.<br/>\r\n        When widgets overlap, z-order determines which one covers the other. A widget with a larger zIndex generally covers a widget with a lower one.<br/>\r\n        The zIndex must be unique within a content.<br/>","initOnly":true,"required":true,"readOnly":false,"projectable":true,"owner":"brease.core.BaseWidget","hide":false},{"name":"left","type":"Integer","description":"absolute position measured from left boundary of parent container","initOnly":true,"required":false,"readOnly":false,"projectable":true,"owner":"brease.core.BaseWidget","hide":false},{"name":"top","type":"Integer","description":"absolute position measured from top boundary of parent container","initOnly":true,"required":false,"readOnly":false,"projectable":true,"owner":"brease.core.BaseWidget","hide":false},{"name":"height","type":"Size","defaultValue":"600","description":"outer height of widget","initOnly":true,"required":false,"readOnly":false,"projectable":true,"owner":"widgets.brease.Window","hide":false},{"name":"width","type":"Size","defaultValue":"800","description":"outer width of widget","initOnly":true,"required":false,"readOnly":false,"projectable":true,"owner":"widgets.brease.Window","hide":false}],"dependencies":{"files":["brease/core/BaseWidget.js","widgets/brease/Window/libs/Config.js","brease/events/BreaseEvent.js","brease/enum/Enum.js","brease/core/Utils.js","brease/decorators/LanguageDependency.js","brease/controller/PopUpManager.js"],"widgets":["widgets/brease/Window/Window.js"]},"categories":{"Category":["System"]},"descriptions":{},"superproperties":{"id":{"type":"WidgetId"},"enable":{"type":"Boolean"},"permissionOperate":{"type":"RoleCollection"},"permissionView":{"type":"RoleCollection"},"style":{"type":"StyleReference"},"visible":{"type":"Boolean"},"zIndex":{"type":"UInteger"},"left":{"type":"Integer"},"top":{"type":"Integer"},"height":{"type":"Size"},"width":{"type":"Size"}},"styleproperties":{"$":{"defaultStyle":"default"},"StyleProperty":[]}}