{"name":"widgets.brease.Image","type":"widget","meta":{"superClass":"brease.core.BaseWidget","requires":[],"mixins":[],"parents":["*"],"children":[],"inheritance":["widgets.brease.Image","brease.core.BaseWidget"],"filePath":"widgets/brease/Image/Image.js"},"methods":[{"name":"SetEnable","originalName":"setEnable","description":"<p>setter for binding of 'enable'</p>\n","iatStudioExposed":true,"parameter":[{"name":"value","type":"Boolean","index":0,"description":"<p>State of 'enable' (false = disabled, true = enabled)</p>\n\n\n\n","optional":false}]},{"name":"SetImage","originalName":"setImage","description":"<p>Sets image</p>\n","iatStudioExposed":true,"parameter":[{"name":"image","type":"ImagePath","index":0,"description":"\n","optional":false}]},{"name":"setSizeMode","originalName":"setSizeMode","description":"<p>Sets sizeMode</p>\n","iatStudioExposed":false,"parameter":[{"name":"sizeMode","type":"brease.enum.SizeMode","index":0,"description":"\n","optional":false}]},{"name":"SetStyle","originalName":"setStyle","description":"\n","iatStudioExposed":true,"parameter":[{"name":"value","type":"StyleReference","index":0,"description":"\n","optional":false}]},{"name":"SetVisible","originalName":"setVisible","description":"<p>Sets the visibility of the widget.</p>\n","iatStudioExposed":true,"parameter":[{"name":"value","type":"Boolean","index":0,"description":"<p>State of visibility (false = hide, true = show)</p>\n\n\n\n","optional":false}]}],"events":[{"name":"Click","description":"<p>Fired when element is clicked on.</p>\n","parameter":[{"name":"origin","type":"String","index":0,"description":"<p>id of widget that triggered this event</p>\n\n\n\n","optional":false}]},{"name":"EnableChanged","description":"\n","parameter":[{"name":"value","type":"Boolean","index":0,"description":"<p>value reflects state of property 'enable'.<br/>\nFired when enabled state changes.</p>\n\n\n\n","optional":false}]},{"name":"VisibleChanged","description":"\n","parameter":[{"name":"value","type":"Boolean","index":0,"description":"<p>value reflects state of property 'visible'.<br/>\nFired when visible state changes.</p>\n\n\n\n","optional":false}]}],"properties":[{"name":"enable","type":"Boolean","initOnly":false,"localizable":false,"editableBinding":false,"readOnly":false,"required":false,"owner":"brease.core.BaseWidget","projectable":true,"description":"Initial option to enable widget.\n","category":"Behavior","defaultValue":"true"},{"name":"image","type":"ImagePath","initOnly":false,"localizable":false,"editableBinding":false,"readOnly":false,"required":false,"owner":"widgets.brease.Image","projectable":true,"description":"Path to image file\n<br>When svg - graphics are used, be sure that in your *.svg-file height and width attributes are specified on the &lt;svg&gt; element.\nFor more detailed information see https://www.w3.org/TR/SVG/struct.html (chapter 5.1.2)\n","category":"Appearance","defaultValue":""},{"name":"permissionOperate","type":"RoleCollection","initOnly":true,"localizable":false,"editableBinding":false,"readOnly":false,"required":false,"owner":"brease.core.BaseWidget","projectable":true,"description":"restricts operability to users, which have given roles\n","category":"Accessibility"},{"name":"permissionView","type":"RoleCollection","initOnly":true,"localizable":false,"editableBinding":false,"readOnly":false,"required":false,"owner":"brease.core.BaseWidget","projectable":true,"description":"restricts visibility to users, which have given roles\n","category":"Accessibility"},{"name":"sizeMode","type":"brease.enum.SizeMode","initOnly":true,"localizable":false,"editableBinding":false,"readOnly":false,"required":false,"owner":"widgets.brease.Image","projectable":true,"description":"Size of image relative to box size.\n","category":"Behavior","defaultValue":"contain"},{"name":"style","type":"StyleReference","initOnly":false,"localizable":false,"editableBinding":false,"readOnly":false,"required":false,"owner":"brease.core.BaseWidget","projectable":true,"description":"reference to a style for this widget type\n","category":"Appearance","defaultValue":"default"},{"name":"visible","type":"Boolean","initOnly":false,"localizable":false,"editableBinding":false,"readOnly":false,"required":false,"owner":"brease.core.BaseWidget","projectable":true,"description":"change visibility\n","category":"Behavior","defaultValue":"true"},{"name":"zIndex","type":"UInteger","description":"The zIndex property specifies the z-order of a widget and its childs.<br/>\r\n        When widgets overlap, z-order determines which one covers the other. A widget with a larger zIndex generally covers a widget with a lower one.<br/>\r\n        The zIndex must be unique within a content.<br/>","initOnly":true,"required":true,"readOnly":false,"projectable":true,"owner":"brease.core.BaseWidget","hide":false},{"name":"left","type":"Integer","description":"absolute position measured from left boundary of parent container","initOnly":true,"required":false,"readOnly":false,"projectable":true,"owner":"brease.core.BaseWidget","hide":false},{"name":"top","type":"Integer","description":"absolute position measured from top boundary of parent container","initOnly":true,"required":false,"readOnly":false,"projectable":true,"owner":"brease.core.BaseWidget","hide":false},{"name":"height","type":"Size","defaultValue":"100","description":"outer height of widget","initOnly":true,"required":false,"readOnly":false,"projectable":true,"owner":"widgets.brease.Image","hide":false},{"name":"width","type":"Size","defaultValue":"150","description":"outer width of widget","initOnly":true,"required":false,"readOnly":false,"projectable":true,"owner":"widgets.brease.Image","hide":false}],"dependencies":{"files":["brease/core/BaseWidget.js","brease/enum/Enum.js","brease/core/Types.js"],"widgets":["widgets/brease/Image/Image.js"]},"categories":{"Category":["Image"]},"descriptions":{"short":"Grafikobjekt","de":"Zeigt eine Grafik an","en":"Displays a graphic image"},"superproperties":{"id":{"type":"WidgetId"},"enable":{"type":"Boolean"},"permissionOperate":{"type":"RoleCollection"},"permissionView":{"type":"RoleCollection"},"style":{"type":"StyleReference"},"visible":{"type":"Boolean"},"zIndex":{"type":"UInteger"},"left":{"type":"Integer"},"top":{"type":"Integer"},"height":{"type":"Size"},"width":{"type":"Size"}},"styleproperties":{"$":{"defaultStyle":"default"},"StyleProperty":[{"$":{"name":"borderStyle","category":"Appearance","type":"BorderStyle","default":"none"},"StyleElement":[{"$":{"attribute":"border-style"}}],"Description":["Style of the Border of the widget"]},{"$":{"name":"borderWidth","category":"Appearance","type":"PixelValCollection","default":"2px"},"StyleElement":[{"$":{"attribute":"border-width"}}],"Description":["Sets the border width of the image. For further information, please check its type"]},{"$":{"name":"borderColor","category":"Appearance","type":"ColorCollection","default":"#333"},"StyleElement":[{"$":{"attribute":"border-color"}}],"Description":["Sets the border color of the image. For further information, please check its type"]},{"$":{"name":"opacity","category":"Appearance","type":"Opacity","default":"1"},"StyleElement":[{"$":{"attribute":"opacity"}}],"Description":["Opacity of the widget"]},{"$":{"name":"rotation","category":"Appearance","type":"Rotation","default":"0deg"},"StyleElement":[{"$":{"attribute":"@include rotate($value)"}}],"Description":["Rotation of widget"]},{"$":{"name":"margin","category":"Layout","type":"Margin","default":"0px"},"StyleElement":[{"$":{"attribute":"margin"}}],"Description":["Margin of the Widget"]},{"$":{"name":"shadow","category":"Appearance","type":"Shadow","default":"none"},"StyleElement":[{"$":{"attribute":"@include box-shadow($value)"}}],"Description":["Shadow of the Widget"]}]}}