{"name":"widgets.brease.Paper","type":"widget","meta":{"superClass":"brease.core.BaseWidget","requires":[],"mixins":[],"parents":["*"],"children":[],"inheritance":["widgets.brease.Paper","brease.core.BaseWidget"],"filePath":"widgets/brease/Paper/Paper.js"},"methods":[{"name":"setColorList","originalName":"setColorList","description":"<p>Sets the list of possible colors to be used for svg element modification.</p>\n","iatStudioExposed":false,"parameter":[{"name":"colorList","type":"ColorList","index":0,"description":"\n","optional":false}]},{"name":"SetEnable","originalName":"setEnable","description":"<p>setter for binding of 'enable'</p>\n","iatStudioExposed":true,"parameter":[{"name":"value","type":"Boolean","index":0,"description":"<p>State of 'enable' (false = disabled, true = enabled)</p>\n\n\n\n","optional":false}]},{"name":"setMaxZoomLevel","originalName":"setMaxZoomLevel","description":"<p>Sets maxZoomLevel</p>\n","iatStudioExposed":false,"parameter":[{"name":"maxZoomLevel","type":"UNumber","index":0,"description":"\n","optional":false}]},{"name":"setMinZoomLevel","originalName":"setMinZoomLevel","description":"<p>Sets minZoomLevel</p>\n","iatStudioExposed":false,"parameter":[{"name":"minZoomLevel","type":"UNumber","index":0,"description":"\n","optional":false}]},{"name":"SetStyle","originalName":"setStyle","description":"\n","iatStudioExposed":true,"parameter":[{"name":"value","type":"StyleReference","index":0,"description":"\n","optional":false}]},{"name":"setSvgContent","originalName":"setSvgContent","description":"<p>Set additional svg content to be displayed.</p>\n","iatStudioExposed":false,"parameter":[{"name":"svgContent","type":"String","index":0,"description":"\n","optional":false}]},{"name":"setSvgFilePath","originalName":"setSvgFilePath","description":"<p>Sets the path to an .svg file which should be displayed.</p>\n","iatStudioExposed":false,"parameter":[{"name":"svgFilePath","type":"ImagePath","index":0,"description":"\n","optional":false}]},{"name":"setTransform","originalName":"setTransform","description":"<p>Sets the String array used to modify the existing svg elements.</p>\n","iatStudioExposed":false,"parameter":[{"name":"transform","type":"String","index":0,"description":"\n","optional":false}]},{"name":"setTransitionTime","originalName":"setTransitionTime","description":"<p>Sets the execution time for a svg element transition.</p>\n","iatStudioExposed":false,"parameter":[{"name":"transitionTime","type":"UInteger","index":0,"description":"\n","optional":false}]},{"name":"SetVisible","originalName":"setVisible","description":"<p>Sets the visibility of the widget.</p>\n","iatStudioExposed":true,"parameter":[{"name":"value","type":"Boolean","index":0,"description":"<p>State of visibility (false = hide, true = show)</p>\n\n\n\n","optional":false}]},{"name":"ZoomIn","originalName":"zoomIn","description":"<p>Zoom into the Paper</p>\n","iatStudioExposed":true},{"name":"ZoomOut","originalName":"zoomOut","description":"<p>Zoom out of the Paper</p>\n","iatStudioExposed":true},{"name":"ZoomReset","originalName":"zoomReset","description":"<p>Reset the zoom level to 100%</p>\n","iatStudioExposed":true}],"events":[{"name":"Click","description":"\n","parameter":[{"name":"x","type":"Integer","index":0,"description":"\n","optional":false},{"name":"y","type":"Integer","index":1,"description":"\n","optional":false},{"name":"origin","type":"String","index":2,"description":"<p>id of widget that triggered this event</p>\n","optional":false},{"name":"elementId","type":"String","index":3,"description":"<p>id of a clicked svg element\nFired when widget is clicked</p>\n","optional":false}]},{"name":"EnableChanged","description":"\n","parameter":[{"name":"value","type":"Boolean","index":0,"description":"<p>value reflects state of property 'enable'.<br/>\nFired when enabled state changes.</p>\n\n\n\n","optional":false}]},{"name":"TransformDone","description":"\n","parameter":[{"name":"select","type":"String","index":0,"description":"<p>Fired when a transform command has finished execution.</p>\n","optional":false}]},{"name":"VisibleChanged","description":"\n","parameter":[{"name":"value","type":"Boolean","index":0,"description":"<p>value reflects state of property 'visible'.<br/>\nFired when visible state changes.</p>\n\n\n\n","optional":false}]}],"properties":[{"name":"colorList","type":"ColorList","initOnly":true,"localizable":false,"editableBinding":false,"readOnly":false,"required":false,"owner":"widgets.brease.Paper","projectable":true,"description":"List of possible colors to apply to svg elements.\n","category":"Appearance","defaultValue":"#FFCC66,#FF8800,#FFCC99,#993333"},{"name":"enable","type":"Boolean","initOnly":false,"localizable":false,"editableBinding":false,"readOnly":false,"required":false,"owner":"brease.core.BaseWidget","projectable":true,"description":"Initial option to enable widget.\n","category":"Behavior","defaultValue":"true"},{"name":"maxZoomLevel","type":"UNumber","initOnly":true,"localizable":false,"editableBinding":false,"readOnly":false,"required":false,"owner":"widgets.brease.Paper","projectable":true,"description":"Defines in percentage the upper limit of the zoom in the Paper area (100 means no zoom level applied)\n","category":"Behavior","defaultValue":"500"},{"name":"minZoomLevel","type":"UNumber","initOnly":true,"localizable":false,"editableBinding":false,"readOnly":false,"required":false,"owner":"widgets.brease.Paper","projectable":true,"description":"Defines in percentage the lower limit of the zoom in the Paper area (100 means no zoom level applied)\n","category":"Behavior","defaultValue":"20"},{"name":"permissionOperate","type":"RoleCollection","initOnly":true,"localizable":false,"editableBinding":false,"readOnly":false,"required":false,"owner":"brease.core.BaseWidget","projectable":true,"description":"restricts operability to users, which have given roles\n","category":"Accessibility"},{"name":"permissionView","type":"RoleCollection","initOnly":true,"localizable":false,"editableBinding":false,"readOnly":false,"required":false,"owner":"brease.core.BaseWidget","projectable":true,"description":"restricts visibility to users, which have given roles\n","category":"Accessibility"},{"name":"style","type":"StyleReference","initOnly":false,"localizable":false,"editableBinding":false,"readOnly":false,"required":false,"owner":"brease.core.BaseWidget","projectable":true,"description":"reference to a style for this widget type\n","category":"Appearance","defaultValue":"default"},{"name":"svgContent","type":"String","initOnly":false,"localizable":false,"editableBinding":false,"readOnly":false,"required":false,"owner":"widgets.brease.Paper","projectable":true,"description":"Additional svg string content to display on the widget.\n","category":"Data","defaultValue":""},{"name":"svgFilePath","type":"ImagePath","initOnly":false,"localizable":false,"editableBinding":false,"readOnly":false,"required":false,"owner":"widgets.brease.Paper","projectable":true,"description":"Path to a .svg file which should be displayed on the widget.\n","category":"Data","defaultValue":""},{"name":"transform","type":"String","initOnly":false,"localizable":false,"editableBinding":false,"readOnly":false,"required":false,"owner":"widgets.brease.Paper","projectable":false,"description":"Array of strings which contains commands to modify the existings svg elements.\n","category":"Data","defaultValue":""},{"name":"transitionTime","type":"UInteger","initOnly":false,"localizable":false,"editableBinding":false,"readOnly":false,"required":false,"owner":"widgets.brease.Paper","projectable":true,"description":"Default execution time of any svg transformation.\n","category":"Behavior","defaultValue":"500"},{"name":"visible","type":"Boolean","initOnly":false,"localizable":false,"editableBinding":false,"readOnly":false,"required":false,"owner":"brease.core.BaseWidget","projectable":true,"description":"change visibility\n","category":"Behavior","defaultValue":"true"},{"name":"zIndex","type":"UInteger","description":"The zIndex property specifies the z-order of a widget and its childs.<br/>\r\n        When widgets overlap, z-order determines which one covers the other. A widget with a larger zIndex generally covers a widget with a lower one.<br/>\r\n        The zIndex must be unique within a content.<br/>","initOnly":true,"required":true,"readOnly":false,"projectable":true,"owner":"brease.core.BaseWidget","hide":false},{"name":"left","type":"Integer","description":"absolute position measured from left boundary of parent container","initOnly":true,"required":false,"readOnly":false,"projectable":true,"owner":"brease.core.BaseWidget","hide":false},{"name":"top","type":"Integer","description":"absolute position measured from top boundary of parent container","initOnly":true,"required":false,"readOnly":false,"projectable":true,"owner":"brease.core.BaseWidget","hide":false},{"name":"height","type":"Size","defaultValue":"300","description":"outer height of widget","initOnly":true,"required":false,"readOnly":false,"projectable":true,"owner":"widgets.brease.Paper","hide":false},{"name":"width","type":"Size","defaultValue":"300","description":"outer width of widget","initOnly":true,"required":false,"readOnly":false,"projectable":true,"owner":"widgets.brease.Paper","hide":false}],"dependencies":{"files":["brease/core/BaseWidget.js","brease/events/BreaseEvent.js","widgets/brease/Paper/libs/Renderer.js"],"widgets":["widgets/brease/Paper/Paper.js"]},"categories":{"Category":["Drawing"]},"descriptions":{"short":"SVG display and modification","de":"Ermöglicht die Darstellung und Modifikation von SVG-Inhalten zur Laufzeit.","en":"Allows the displaying and modification of svg contents at runtime."},"superproperties":{"id":{"type":"WidgetId"},"enable":{"type":"Boolean"},"permissionOperate":{"type":"RoleCollection"},"permissionView":{"type":"RoleCollection"},"style":{"type":"StyleReference"},"visible":{"type":"Boolean"},"zIndex":{"type":"UInteger"},"left":{"type":"Integer"},"top":{"type":"Integer"},"height":{"type":"Size"},"width":{"type":"Size"}},"styleproperties":{"$":{"defaultStyle":"default"},"StyleProperty":[{"$":{"name":"borderWidth","category":"Appearance","type":"PixelValCollection","default":"1px"},"StyleElement":[{"$":{"attribute":"border-width"}}],"Description":["Sets the width of the border. For further information, please check its type"]},{"$":{"name":"borderStyle","category":"Appearance","type":"BorderStyle","default":"solid"},"StyleElement":[{"$":{"attribute":"border-style"}}],"Description":["Style of the border of the widget"]},{"$":{"name":"borderColor","category":"Appearance","type":"ColorCollection","default":"#000000"},"StyleElement":[{"$":{"attribute":"border-color"}}],"Description":["Sets the border color"]},{"$":{"name":"cornerRadius","category":"Appearance","type":"PixelValCollection","default":"0px"},"StyleElement":[{"$":{"attribute":"@include border-radius($value)"}},{"$":{"selector":"svg.breasePaperSVGContainer","attribute":"@include border-radius($value)"}}],"Description":["Sets the radius of the widget rounded corners. For further information, please check its type"]},{"$":{"name":"backColor","category":"Appearance","type":"Color","default":"transparent"},"StyleElement":[{"$":{"attribute":"background-color"}}],"Description":["Sets the background color"]},{"$":{"name":"opacity","category":"Appearance","type":"Opacity","default":"1"},"StyleElement":[{"$":{"attribute":"opacity"}}],"Description":["Opacity of the widget"]},{"$":{"name":"margin","category":"Layout","type":"Margin","default":"0px"},"StyleElement":[{"$":{"attribute":"margin"}}],"Description":["Margin of the Widget"]}]}}