{"name":"widgets.brease.Label","type":"widget","meta":{"superClass":"brease.core.BaseWidget","requires":[],"mixins":[],"parents":["*"],"children":[],"inheritance":["widgets.brease.Label","brease.core.BaseWidget"],"filePath":"widgets/brease/Label/Label.js"},"methods":[{"name":"setAutoScroll","originalName":"setAutoScroll","description":"<p>Enable / disable scrolling</p>\n","iatStudioExposed":false,"parameter":[{"name":"value","type":"Boolean","index":0,"description":"\n","optional":false}]},{"name":"setBreakWord","originalName":"setBreakWord","description":"<p>Sets breakWord</p>\n","iatStudioExposed":false,"parameter":[{"name":"breakWord","type":"Boolean","index":0,"description":"\n","optional":false}]},{"name":"setEllipsis","originalName":"setEllipsis","description":"<p>Sets ellipsis</p>\n","iatStudioExposed":false,"parameter":[{"name":"ellipsis","type":"Boolean","index":0,"description":"\n","optional":false}]},{"name":"SetEnable","originalName":"setEnable","description":"<p>setter for binding of 'enable'</p>\n","iatStudioExposed":true,"parameter":[{"name":"value","type":"Boolean","index":0,"description":"<p>State of 'enable' (false = disabled, true = enabled)</p>\n\n\n\n","optional":false}]},{"name":"setMultiLine","originalName":"setMultiLine","description":"<p>Sets multiLine</p>\n","iatStudioExposed":false,"parameter":[{"name":"multiLine","type":"Boolean","index":0,"description":"\n","optional":false}]},{"name":"SetStyle","originalName":"setStyle","description":"\n","iatStudioExposed":true,"parameter":[{"name":"value","type":"StyleReference","index":0,"description":"\n","optional":false}]},{"name":"SetText","originalName":"setText","description":"<p>sets the visible text</p>\n","iatStudioExposed":true,"parameter":[{"name":"text","type":"String","index":0,"description":"<p>The new text</p>\n","optional":false}]},{"name":"setTextKey","originalName":"setTextKey","description":"<p>set the textkey</p>\n","iatStudioExposed":false,"parameter":[{"name":"key","type":"String","index":0,"description":"<p>The new textkey</p>\n","optional":false}]},{"name":"SetVisible","originalName":"setVisible","description":"<p>Sets the visibility of the widget.</p>\n","iatStudioExposed":true,"parameter":[{"name":"value","type":"Boolean","index":0,"description":"<p>State of visibility (false = hide, true = show)</p>\n\n\n\n","optional":false}]},{"name":"setWordWrap","originalName":"setWordWrap","description":"<p>Sets wordWrap</p>\n","iatStudioExposed":false,"parameter":[{"name":"wordWrap","type":"Boolean","index":0,"description":"\n","optional":false}]}],"events":[{"name":"Click","description":"<p>Fired when element is clicked on.</p>\n","parameter":[{"name":"origin","type":"String","index":0,"description":"<p>id of widget that triggered this event</p>\n\n\n\n","optional":false}]},{"name":"EnableChanged","description":"\n","parameter":[{"name":"value","type":"Boolean","index":0,"description":"<p>value reflects state of property 'enable'.<br/>\nFired when enabled state changes.</p>\n\n\n\n","optional":false}]},{"name":"VisibleChanged","description":"\n","parameter":[{"name":"value","type":"Boolean","index":0,"description":"<p>value reflects state of property 'visible'.<br/>\nFired when visible state changes.</p>\n\n\n\n","optional":false}]}],"properties":[{"name":"autoScroll","type":"Boolean","initOnly":true,"localizable":false,"editableBinding":false,"readOnly":false,"required":false,"owner":"widgets.brease.Label","projectable":true,"description":"If true, scrolling is enabled\n","category":"Behavior","defaultValue":"false"},{"name":"breakWord","type":"Boolean","initOnly":true,"localizable":false,"editableBinding":false,"readOnly":false,"required":false,"owner":"widgets.brease.Label","projectable":true,"description":"Allows lines to be broken within words if an otherwise unbreakable string is too long to fit.\n","category":"Behavior","defaultValue":"false"},{"name":"ellipsis","type":"Boolean","initOnly":true,"localizable":false,"editableBinding":false,"readOnly":false,"required":false,"owner":"widgets.brease.Label","projectable":true,"description":"If true, horizontal overflow of text is symbolized with an ellipsis.\n","category":"Behavior","defaultValue":"false"},{"name":"enable","type":"Boolean","initOnly":false,"localizable":false,"editableBinding":false,"readOnly":false,"required":false,"owner":"brease.core.BaseWidget","projectable":true,"description":"Initial option to enable widget.\n","category":"Behavior","defaultValue":"true"},{"name":"multiLine","type":"Boolean","initOnly":true,"localizable":false,"editableBinding":false,"readOnly":false,"required":false,"owner":"widgets.brease.Label","projectable":true,"description":"If true, more than one line is possible. Text will wrap when necessary (wordWrap=true) or at line breaks (\\n).\nIf false, text will never wrap to the next line. The text continues on the same line.\n","category":"Behavior","defaultValue":"false"},{"name":"permissionOperate","type":"RoleCollection","initOnly":true,"localizable":false,"editableBinding":false,"readOnly":false,"required":false,"owner":"brease.core.BaseWidget","projectable":true,"description":"restricts operability to users, which have given roles\n","category":"Accessibility"},{"name":"permissionView","type":"RoleCollection","initOnly":true,"localizable":false,"editableBinding":false,"readOnly":false,"required":false,"owner":"brease.core.BaseWidget","projectable":true,"description":"restricts visibility to users, which have given roles\n","category":"Accessibility"},{"name":"style","type":"StyleReference","initOnly":false,"localizable":false,"editableBinding":false,"readOnly":false,"required":false,"owner":"brease.core.BaseWidget","projectable":true,"description":"reference to a style for this widget type\n","category":"Appearance","defaultValue":"default"},{"name":"text","type":"String","initOnly":true,"localizable":true,"editableBinding":false,"readOnly":false,"required":true,"owner":"widgets.brease.Label","projectable":true,"description":"Text displayed by the label\n","category":"Appearance"},{"name":"visible","type":"Boolean","initOnly":false,"localizable":false,"editableBinding":false,"readOnly":false,"required":false,"owner":"brease.core.BaseWidget","projectable":true,"description":"change visibility\n","category":"Behavior","defaultValue":"true"},{"name":"wordWrap","type":"Boolean","initOnly":true,"localizable":false,"editableBinding":false,"readOnly":false,"required":false,"owner":"widgets.brease.Label","projectable":true,"description":"If true, text will wrap when necessary.\n","category":"Behavior","defaultValue":"false"},{"name":"zIndex","type":"UInteger","description":"The zIndex property specifies the z-order of a widget and its childs.<br/>\r\n        When widgets overlap, z-order determines which one covers the other. A widget with a larger zIndex generally covers a widget with a lower one.<br/>\r\n        The zIndex must be unique within a content.<br/>","initOnly":true,"required":true,"readOnly":false,"projectable":true,"owner":"brease.core.BaseWidget","hide":false},{"name":"left","type":"Integer","description":"absolute position measured from left boundary of parent container","initOnly":true,"required":false,"readOnly":false,"projectable":true,"owner":"brease.core.BaseWidget","hide":false},{"name":"top","type":"Integer","description":"absolute position measured from top boundary of parent container","initOnly":true,"required":false,"readOnly":false,"projectable":true,"owner":"brease.core.BaseWidget","hide":false},{"name":"height","type":"Size","defaultValue":"30","description":"outer height of widget","initOnly":true,"required":false,"readOnly":false,"projectable":true,"owner":"widgets.brease.Label","hide":false},{"name":"width","type":"Size","defaultValue":"80","description":"outer width of widget","initOnly":true,"required":false,"readOnly":false,"projectable":true,"owner":"widgets.brease.Label","hide":false}],"dependencies":{"files":["brease/core/BaseWidget.js","brease/decorators/LanguageDependency.js","brease/decorators/VisibilityDependency.js","brease/enum/Enum.js","brease/core/Types.js","brease/helper/Scroller.js","brease/events/BreaseEvent.js","widgets/brease/Label/libs/EditorHandles.js"],"widgets":["widgets/brease/Label/Label.js"]},"categories":{"Category":["Text"]},"descriptions":{"short":"Label","de":"Widget zur Anzeige eines Textes","en":"Widget to display a text"},"superproperties":{"id":{"type":"WidgetId"},"enable":{"type":"Boolean"},"permissionOperate":{"type":"RoleCollection"},"permissionView":{"type":"RoleCollection"},"style":{"type":"StyleReference"},"visible":{"type":"Boolean"},"zIndex":{"type":"UInteger"},"left":{"type":"Integer"},"top":{"type":"Integer"},"height":{"type":"Size"},"width":{"type":"Size"}},"styleproperties":{"$":{"defaultStyle":"default"},"StyleProperty":[{"$":{"name":"borderWidth","type":"PixelValCollection","category":"Appearance","default":"0px"},"StyleElement":[{"$":{"attribute":"border-width"}}],"Description":["Sets the border width of the widget. For further information, please check its type"]},{"$":{"name":"cornerRadius","type":"PixelValCollection","category":"Appearance","default":"0px"},"StyleElement":[{"$":{"attribute":"@include border-radius($value)"}}],"Description":["Sets the radius of the widget rounded corners. For further information, please check its type"]},{"$":{"name":"backColor","type":"Color","default":"transparent","category":"Appearance"},"StyleElement":[{"$":{"attribute":"background-color"}}],"Description":["Sets the background color of the widget"]},{"$":{"name":"backGroundGradient","type":"Gradient","category":"Appearance","default":"none"},"StyleElement":[{"$":{"attribute":"background-image"}}],"Description":["Background as a gradient"]},{"$":{"name":"borderColor","type":"ColorCollection","category":"Appearance","default":"#C8C8C8"},"StyleElement":[{"$":{"attribute":"border-color"}},{"$":{"selector":"&:before","attribute":"border-color"}},{"$":{"selector":"&:after","attribute":"border-color"}}],"Description":["Sets the border color"]},{"$":{"name":"borderStyle","type":"BorderStyle","category":"Appearance","default":"none"},"StyleElement":[{"$":{"attribute":"border-style"}},{"$":{"selector":"&:before","attribute":"border-style"}},{"$":{"selector":"&:after","attribute":"border-style"}}],"Description":["Style of the Border of the widget"]},{"$":{"name":"textColor","type":"Color","default":"#000000","category":"Appearance"},"StyleElement":[{"$":{"attribute":"color"}}],"Description":["Sets the color of the text displayed by the widget"]},{"$":{"name":"textAlign","type":"brease.enum.TextAlignmentAll","default":"left","category":"Appearance"},"StyleElement":[{"$":{"attribute":"@include text-alignment-all('$value')"}}],"Description":["Alignment of the text"]},{"$":{"name":"opacity","type":"Opacity","category":"Appearance","default":"1"},"StyleElement":[{"$":{"attribute":"opacity"}}],"Description":["Opacity of the widget"]},{"$":{"name":"rotation","category":"Appearance","type":"Rotation","default":"0deg"},"StyleElement":[{"$":{"attribute":"@include rotate($value)"}}],"Description":["Rotation of widget"]},{"$":{"name":"fontName","type":"FontName","default":"Arial","category":"Font"},"StyleElement":[{"$":{"selector":"span","attribute":"font-family"}}],"Description":["Fontname of the text"]},{"$":{"name":"fontSize","type":"PixelVal","default":"14px","category":"Font"},"StyleElement":[{"$":{"attribute":"font-size"}}],"Description":["Fontsize of the text in pixel"]},{"$":{"name":"bold","type":"Boolean","default":"false","category":"Font"},"StyleElement":[{"$":{"attribute":"@include font-weight-bold($value)"}}],"Description":["If **true** font style is bold"]},{"$":{"name":"italic","type":"Boolean","default":"false","category":"Font"},"StyleElement":[{"$":{"attribute":"@include font-style-italic($value)"}}],"Description":["If **true** font style is italic"]},{"$":{"name":"underline","type":"Boolean","default":"false","category":"Font"},"StyleElement":[{"$":{"selector":"span","attribute":"@include text-decoration-underline($value)"}}],"Description":["If **true** font style is underline"]},{"$":{"name":"padding","type":"Padding","default":"0px 15px 0px 15px","category":"Layout"},"StyleElement":[{"$":{"selector":"span","attribute":"padding"}}],"Description":["Padding of the Widget"]},{"$":{"name":"margin","category":"Layout","type":"Margin","default":"0px"},"StyleElement":[{"$":{"attribute":"margin"}}],"Description":["Margin of the Widget"]},{"$":{"name":"shadow","type":"Shadow","category":"Appearance","default":"none"},"StyleElement":[{"$":{"attribute":"@include box-shadow($value)"}}],"Description":["Shadow of the Widget"]}]}}